A Boy and His Blob PS VITA (USA) (NoNpDrm);https://github.com/Llop1s/FTP-PSVita-VPK-Installer/releases;https://github.com/soywiz/vitaorganizer/releases;https://github.com/LioMajor/MaiDumpToolEN/releases;https://github.com/TheOfficialFloW/NoNpDrm/releases;http://gestyy.com/w5BN6G;http://gestyy.com/w5BN8A;http://gestyy.com/w5BN5W
A Rose in the Twilight PS VITA (USA) (NoNpDrm);https://github.com/Llop1s/FTP-PSVita-VPK-Installer/releases;https://github.com/soywiz/vitaorganizer/releases;https://github.com/LioMajor/MaiDumpToolEN/releases;https://github.com/TheOfficialFloW/NoNpDrm/releases;http://gestyy.com/wMDxdz;http://gestyy.com/wMDxsw;http://gestyy.com/wMDxiF
A Virus Named TOM PS VITA VPK (USA);https://github.com/Llop1s/FTP-PSVita-VPK-Installer/releases;https://github.com/soywiz/vitaorganizer/releases;http://viid.me/qnjEd9;https://www.ign.com/editors-choice/games?genre=puzzle;http://destyy.com/q8EE3A;http://destyy.com/q8EELj;http://destyy.com/q8EEDV
A-Men 2 PS VITA (USA) (NoNpDrm);https://github.com/Llop1s/FTP-PSVita-VPK-Installer/releases;https://github.com/soywiz/vitaorganizer/releases;https://github.com/LioMajor/MaiDumpToolEN/releases;https://github.com/TheOfficialFloW/NoNpDrm/releases;http://gestyy.com/wNT5HC;http://gestyy.com/wNT5Gg;http://gestyy.com/wNT5Pn
A-MEN PS VITA VPK (EUR);https://github.com/Llop1s/FTP-PSVita-VPK-Installer/releases;https://github.com/soywiz/vitaorganizer/releases;https://github.com/LioMajor/MaiDumpToolEN/releases;https://github.com/TheOfficialFloW/NoNpDrm/releases;http://festyy.com/q3VGwy;http://festyy.com/q3VFVG
A.W Phoenix Festa PS VITA VPK (EUR);https://github.com/Llop1s/FTP-PSVita-VPK-Installer/releases;https://github.com/soywiz/vitaorganizer/releases;https://github.com/LioMajor/MaiDumpToolEN/releases;https://github.com/TheOfficialFloW/NoNpDrm/releases;http://ceesty.com/qNgvfv;http://ceesty.com/qNgcVA
Active Soccer 2 DX PS VITA (USA) (NoNpDrm);https://github.com/Llop1s/FTP-PSVita-VPK-Installer/releases;https://github.com/soywiz/vitaorganizer/releases;https://github.com/LioMajor/MaiDumpToolEN/releases;https://github.com/TheOfficialFloW/NoNpDrm/releases;https://1fichier.com/?ui166arx1y6zfaiw4hi5&af=62851;http://corneey.com/w37ftr;http://corneey.com/w37fw8
Actual Sunlight PS VITA (USA) (NoNpDrm);https://github.com/Llop1s/FTP-PSVita-VPK-Installer/releases;https://github.com/soywiz/vitaorganizer/releases;https://github.com/LioMajor/MaiDumpToolEN/releases;https://github.com/TheOfficialFloW/NoNpDrm/releases
Adventure Time: The Secret of the Nameless Kingdom PS VITA VPK (USA);https://github.com/Llop1s/FTP-PSVita-VPK-Installer/releases;https://github.com/soywiz/vitaorganizer/releases;http://viid.me/qnjEd9;https://www.ign.com/editors-choice/games?genre=adventure;http://corneey.com/q6Wehw;http://corneey.com/q6Ytgf;http://corneey.com/q6WeoT
Adventures of Mana PS VITA (USA) (NoNpDrm);https://github.com/Llop1s/FTP-PSVita-VPK-Installer/releases;https://github.com/soywiz/vitaorganizer/releases;http://viid.me/qnjEd9
Aegis of Earth: Protonovus Assault PS VITA (USA) (NoNpDrm);https://github.com/Llop1s/FTP-PSVita-VPK-Installer/releases;https://github.com/soywiz/vitaorganizer/releases;https://github.com/LioMajor/MaiDumpToolEN/releases;https://github.com/TheOfficialFloW/NoNpDrm/releases
AeternoBlade PS VITA VPK & NoNpDrm (EUR/USA);https://github.com/Llop1s/FTP-PSVita-VPK-Installer/releases;https://github.com/soywiz/vitaorganizer/releases;https://github.com/LioMajor/MaiDumpToolEN/releases;https://github.com/TheOfficialFloW/NoNpDrm/releases;http://destyy.com/w40s3i;http://destyy.com/w4qJ5j;http://clkmein.com/qBBJAe
Age of Zombies PS VITA (USA) (NoNpDrm);https://github.com/Llop1s/FTP-PSVita-VPK-Installer/releases;https://github.com/soywiz/vitaorganizer/releases;https://github.com/LioMajor/MaiDumpToolEN/releases;https://github.com/TheOfficialFloW/NoNpDrm/releases;http://gestyy.com/w6vzFa;http://gestyy.com/w6vzKv
Air Race Speed PS VITA (USA) (NoNpDrm);https://github.com/Llop1s/FTP-PSVita-VPK-Installer/releases;https://github.com/soywiz/vitaorganizer/releases;https://github.com/LioMajor/MaiDumpToolEN/releases;https://github.com/TheOfficialFloW/NoNpDrm/releases
Airship Q PS VITA (JPN) (NoNpDrm) (English Patch);https://github.com/Llop1s/FTP-PSVita-VPK-Installer/releases;https://github.com/soywiz/vitaorganizer/releases;https://github.com/LioMajor/MaiDumpToolEN/releases;https://github.com/TheOfficialFloW/NoNpDrm/releases;http://gestyy.com/wCdbsd;http://gestyy.com/wCdbaB;http://gestyy.com/wCdbiq
Akai Suna Ochiru Tsuki PS VITA (JPN) (NoNpDrm);https://github.com/Llop1s/FTP-PSVita-VPK-Installer/releases;https://github.com/soywiz/vitaorganizer/releases;https://github.com/LioMajor/MaiDumpToolEN/releases;https://github.com/TheOfficialFloW/NoNpDrm/releases
Akiba’s Trip Undead and Undressed PS VITA VPK (USA);https://github.com/Llop1s/FTP-PSVita-VPK-Installer/releases;https://github.com/soywiz/vitaorganizer/releases;http://viid.me/qnjEd9;https://www.ign.com/games/editors-choice?genre=action;http://clkmein.com/qBHd7u;http://clkmein.com/qBHdBt
Alien Breed PS VITA VPK (USA);https://github.com/Llop1s/FTP-PSVita-VPK-Installer/releases;https://github.com/soywiz/vitaorganizer/releases;http://viid.me/qnjEd9;http://clkmein.com/q2S92v;http://clkmein.com/q2S9Kd;http://clkmein.com/q2S9I6
Alone With You PS VITA VPK (USA);https://github.com/Llop1s/FTP-PSVita-VPK-Installer/releases;https://github.com/soywiz/vitaorganizer/releases;http://viid.me/qnjEd9;http://festyy.com/wJk2Ap
Angry Birds Star Wars PS VITA (USA) (NoNpDrm);https://github.com/Llop1s/FTP-PSVita-VPK-Installer/releases;https://github.com/soywiz/vitaorganizer/releases;https://github.com/LioMajor/MaiDumpToolEN/releases;https://github.com/TheOfficialFloW/NoNpDrm/releases;http://ceesty.com/w4azrL;http://ceesty.com/w4azwV;http://ceesty.com/w4al8Q
Angry Birds Trilogy PS VITA VPK & NoNpDrm (USA);https://github.com/Llop1s/FTP-PSVita-VPK-Installer/releases;https://github.com/soywiz/vitaorganizer/releases;https://github.com/LioMajor/MaiDumpToolEN/releases;https://github.com/TheOfficialFloW/NoNpDrm/releases;http://ceesty.com/w4alea;http://ceesty.com/w4alwU;http://ceesty.com/w4alqt;https://1fichier.com/?b8j1ous7bl&af=62851;http://ceesty.com/qG9NDC
Aqua Kitty: Milk Mine Defender DX PS VITA VPK (USA);https://github.com/Llop1s/FTP-PSVita-VPK-Installer/releases;https://github.com/soywiz/vitaorganizer/releases;https://github.com/LioMajor/MaiDumpToolEN/releases;https://www.ign.com/editors-choice/games?genre=shooter;http://ceesty.com/wyjvoq;http://ceesty.com/wyjvwp;http://ceesty.com/wyjc4T
Asdivine Hearts II PS VITA 3.69 (USA) (NoNpDrm);https://github.com/Llop1s/FTP-PSVita-VPK-Installer/releases;https://github.com/soywiz/vitaorganizer/releases;https://github.com/LioMajor/MaiDumpToolEN/releases;https://github.com/TheOfficialFloW/NoNpDrm/releases;http://corneey.com/wVVi5o;http://corneey.com/wVVi4h;http://corneey.com/wVVi23
Asphalt Injection PS VITA (USA) (NoNpDrm);https://github.com/Llop1s/FTP-PSVita-VPK-Installer/releases;https://github.com/soywiz/vitaorganizer/releases;https://github.com/LioMajor/MaiDumpToolEN/releases;https://github.com/TheOfficialFloW/NoNpDrm/releases;http://gestyy.com/w5BNSh;http://gestyy.com/w5BNOu;http://gestyy.com/w5BNGt
Atelier Escha and Logy Plus ~Alchemists of the Dusk Sky PS VITA VPK (USA);https://github.com/Llop1s/FTP-PSVita-VPK-Installer/releases;https://github.com/soywiz/vitaorganizer/releases;https://github.com/LioMajor/MaiDumpToolEN/releases;https://github.com/TheOfficialFloW/NoNpDrm/releases;http://festyy.com/qFDRbK;http://festyy.com/qFDE8q
Atomic Ninjas PS VITA VPK (USA);https://github.com/Llop1s/FTP-PSVita-VPK-Installer/releases;https://github.com/soywiz/vitaorganizer/releases;https://github.com/LioMajor/MaiDumpToolEN/releases;http://ceesty.com/wzE46X;http://ceesty.com/wzE4Yl;http://ceesty.com/wzE4jI;http://ceesty.com/wzE4tC;http://ceesty.com/wzE37K
Back To Bed PS VITA VPK (USA);https://github.com/Llop1s/FTP-PSVita-VPK-Installer/releases;https://github.com/soywiz/vitaorganizer/releases;http://viid.me/qnjEd9;http://corneey.com/q8fqcp;http://corneey.com/q8fqh5;http://corneey.com/q8fqiC
Badland Game of the Year Edition PS VITA VPK (USA);https://github.com/Llop1s/FTP-PSVita-VPK-Installer/releases;https://github.com/soywiz/vitaorganizer/releases;http://viid.me/qnjEd9;https://www.ign.com/games/editors-choice?genre=platformer;http://corneey.com/qVEHk1;http://corneey.com/qVEHsO
Bastion PS VITA VPK Download (USA);https://github.com/Llop1s/FTP-PSVita-VPK-Installer/releases;https://github.com/soywiz/vitaorganizer/releases;http://viid.me/qnjEd9;http://ceesty.com/qNgmVh;http://ceesty.com/qNgmfq
Batman: Arkham Origins Blackgate PS VITA VPK (USA);https://github.com/Llop1s/FTP-PSVita-VPK-Installer/releases;https://github.com/soywiz/vitaorganizer/releases;https://github.com/LioMajor/MaiDumpToolEN/releases;https://github.com/TheOfficialFloW/NoNpDrm/releases;http://gestyy.com/wBKyNZ
Battalion Commander PS VITA (USA) (NoNpDrm);https://github.com/Llop1s/FTP-PSVita-VPK-Installer/releases;https://github.com/soywiz/vitaorganizer/releases;https://github.com/LioMajor/MaiDumpToolEN/releases;https://github.com/TheOfficialFloW/NoNpDrm/releases;http://corneey.com/w4duCU;http://corneey.com/w4duCd;http://corneey.com/w4duZX
Ben 10 Galactic Racing PS VITA VPK (USA);https://github.com/Llop1s/FTP-PSVita-VPK-Installer/releases;https://github.com/soywiz/vitaorganizer/releases;http://viid.me/qnjEd9;http://za.ign.com/ben-10-galactic-racing-vita;http://corneey.com/q3jKKe;http://corneey.com/q3jKAM;http://corneey.com/q3jKR9
Best of Arcade Games PS VITA VPK (EUR);https://github.com/Llop1s/FTP-PSVita-VPK-Installer/releases;https://github.com/soywiz/vitaorganizer/releases;http://viid.me/qnjEd9;https://www.ign.com/editors-choice/games?genre=compilation;http://corneey.com/q4Ps8E;http://corneey.com/q4Ps2h;http://corneey.com/q4PsZc
BlazBlue Continuum Shift extend PS VITA VPK (USA);https://github.com/Llop1s/FTP-PSVita-VPK-Installer/releases;https://github.com/soywiz/vitaorganizer/releases;https://github.com/LioMajor/MaiDumpToolEN/releases;https://github.com/TheOfficialFloW/NoNpDrm/releases;http://gestyy.com/wBKyb0
Bloxiq PS VITA (USA) (NoNpDrm);https://github.com/Llop1s/FTP-PSVita-VPK-Installer/releases;https://github.com/soywiz/vitaorganizer/releases;https://github.com/LioMajor/MaiDumpToolEN/releases;https://github.com/TheOfficialFloW/NoNpDrm/releases;http://ceesty.com/w4prD5;http://ceesty.com/w4prPJ;http://ceesty.com/w4prIc
Blue-Collar Astronaut PS VITA (USA) (NoNpDrm);https://github.com/Llop1s/FTP-PSVita-VPK-Installer/releases;https://github.com/soywiz/vitaorganizer/releases;https://github.com/LioMajor/MaiDumpToolEN/releases;https://github.com/TheOfficialFloW/NoNpDrm/releases
Bonds of the Skies Renascence PS VITA (USA) (NoNpDrm);https://github.com/Llop1s/FTP-PSVita-VPK-Installer/releases;https://github.com/soywiz/vitaorganizer/releases;https://github.com/LioMajor/MaiDumpToolEN/releases;https://github.com/TheOfficialFloW/NoNpDrm/releases
Breach and Clear PS VITA VPK (EUR);https://github.com/Llop1s/FTP-PSVita-VPK-Installer/releases;https://github.com/soywiz/vitaorganizer/releases;http://viid.me/qnjEd9;https://www.ign.com/games/editors-choice?genre=strategy;http://ceesty.com/qNru1w;http://ceesty.com/qNruSs
BreakQuest Extra Evolution PS VITA (USA) (NoNpDrm);https://github.com/Llop1s/FTP-PSVita-VPK-Installer/releases;https://github.com/soywiz/vitaorganizer/releases;https://github.com/LioMajor/MaiDumpToolEN/releases;https://github.com/TheOfficialFloW/NoNpDrm/releases
Bullet Girls PS VITA VPK (JPN);https://github.com/Llop1s/FTP-PSVita-VPK-Installer/releases;https://github.com/soywiz/vitaorganizer/releases;http://viid.me/qnjEd9;https://www.ign.com/games/editors-choice?genre=shooter;http://gestyy.com/qJZSJI;http://gestyy.com/qJZSP6
Castle Invasion Throne Out PS VITA (USA) (NoNpDrm);https://github.com/Llop1s/FTP-PSVita-VPK-Installer/releases;https://github.com/soywiz/vitaorganizer/releases;https://github.com/LioMajor/MaiDumpToolEN/releases;https://github.com/TheOfficialFloW/NoNpDrm/releases;https://www65.zippyshare.com/v/NJHqLEsw/file.html;https://letsupload.co/1qayl/CV-TO-USA-NONPDRM-ZIPERTO.rar;https://multiup.org/en/mirror/f02933d0cd88f89586a2a0fe0610343a/CV-TO-USA-NONPDRM-ZIPERTO.rar
CastleStorm PS VITA VPK (USA);https://github.com/Llop1s/FTP-PSVita-VPK-Installer/releases;https://github.com/soywiz/vitaorganizer/releases;http://viid.me/qnjEd9;https://www.ign.com/editors-choice/games?genre=strategy;http://destyy.com/q8Ecko;http://destyy.com/q8EcaC;http://destyy.com/q8Ecuh
Cel Damage HD PS VITA (EUR) (NoNpDrm);https://github.com/Llop1s/FTP-PSVita-VPK-Installer/releases;https://github.com/soywiz/vitaorganizer/releases;https://github.com/LioMajor/MaiDumpToolEN/releases;https://github.com/TheOfficialFloW/NoNpDrm/releases
Chain Chronicle V PS VITA (JPN) (NoNpDrm);https://github.com/Llop1s/FTP-PSVita-VPK-Installer/releases;https://github.com/soywiz/vitaorganizer/releases;https://github.com/LioMajor/MaiDumpToolEN/releases;https://github.com/TheOfficialFloW/NoNpDrm/releases;http://destyy.com/w4Ymxo;http://destyy.com/w4Ymx2;http://destyy.com/w4Ymkt
Chaos Rings II PS VITA VPK Download (JPN);https://github.com/Llop1s/FTP-PSVita-VPK-Installer/releases;https://github.com/soywiz/vitaorganizer/releases;http://viid.me/qnjEd9;https://www.ign.com/games/editors-choice?genre=rpg;http://gestyy.com/qBYHhI;http://gestyy.com/qBYHre
Chaos Rings III PS VITA VPK (USA);https://github.com/Llop1s/FTP-PSVita-VPK-Installer/releases;https://github.com/soywiz/vitaorganizer/releases;https://github.com/LioMajor/MaiDumpToolEN/releases;https://github.com/TheOfficialFloW/NoNpDrm/releases;http://festyy.com/wBHF3e
Chaos Rings PS VITA VPK (JPN);https://github.com/Llop1s/FTP-PSVita-VPK-Installer/releases;https://github.com/soywiz/vitaorganizer/releases;http://viid.me/qnjEd9;https://www.ign.com/games/editors-choice?genre=rpg;http://festyy.com/qBqvOS;http://festyy.com/qBqvbF
Child of Light PS VITA VPK (USA);https://github.com/Llop1s/FTP-PSVita-VPK-Installer/releases;https://github.com/soywiz/vitaorganizer/releases;https://github.com/LioMajor/MaiDumpToolEN/releases;http://gestyy.com/wBKyEL
Chronovolt PS VITA VPK (USA);https://github.com/Llop1s/FTP-PSVita-VPK-Installer/releases;https://github.com/soywiz/vitaorganizer/releases;http://viid.me/qnjEd9;https://www.ign.com/editors-choice/games?genre=puzzle;http://corneey.com/q4OVEx;http://corneey.com/q4OVas;http://corneey.com/q4OVtf
Civilization Revolution 2 Plus PS VITA VPK (USA);https://github.com/Llop1s/FTP-PSVita-VPK-Installer/releases;https://github.com/soywiz/vitaorganizer/releases;http://viid.me/qnjEd9;https://www.ign.com/games/editors-choice?genre=simulation;http://destyy.com/q3PFWM;http://destyy.com/q3PSAc;http://destyy.com/q3PSmo
Cladun Returns This Is Sengoku PS VITA (MAI) English Patch (JPN);https://github.com/Llop1s/FTP-PSVita-VPK-Installer/releases;https://github.com/soywiz/vitaorganizer/releases;https://github.com/LioMajor/MaiDumpToolEN/releases;https://github.com/TheOfficialFloW/NoNpDrm/releases;http://gestyy.com/wKg71f;http://gestyy.com/wKg7MT;http://gestyy.com/wKg7Mp;http://gestyy.com/wKg7NQ;http://gestyy.com/wKg7BK
Color Guardians PS VITA VPK (USA);https://github.com/Llop1s/FTP-PSVita-VPK-Installer/releases;https://github.com/soywiz/vitaorganizer/releases;http://viid.me/qnjEd9;https://www.ign.com/editors-choice/games?genre=platformer;http://destyy.com/q43coD;http://destyy.com/q43cqt;http://destyy.com/q43x2J
Corpse Party Blood Drive PS VITA VPK (USA);https://github.com/Llop1s/FTP-PSVita-VPK-Installer/releases;https://github.com/soywiz/vitaorganizer/releases;http://viid.me/qnjEd9;https://www.ign.com/games/editors-choice?genre=adventure;http://gestyy.com/qMWH3F;http://gestyy.com/qMWHQZ;http://gestyy.com/qMWHuT
Criminal Girls 2 Party Favors PS VITA (USA) (NoNpDrm);https://github.com/Llop1s/FTP-PSVita-VPK-Installer/releases;https://github.com/soywiz/vitaorganizer/releases;http://viid.me/qnjEd9;https://1fichier.com/?r7u7lz65sspi4ckcqqlt;http://gestyy.com/w5BNy8;http://gestyy.com/w5BNpc
Criminal Girls Invite Only PS VITA VPK (USA);https://github.com/Llop1s/FTP-PSVita-VPK-Installer/releases;https://github.com/soywiz/vitaorganizer/releases;https://github.com/LioMajor/MaiDumpToolEN/releases;http://ceesty.com/wBZdEy
Daggerhood PS VITA (V3.69) (EUR) (NoNpDrm);https://github.com/Llop1s/FTP-PSVita-VPK-Installer/releases;https://github.com/soywiz/vitaorganizer/releases;https://github.com/LioMajor/MaiDumpToolEN/releases;https://github.com/TheOfficialFloW/NoNpDrm/releases;http://corneey.com/w4diTW;http://corneey.com/w4diTe;http://corneey.com/w4diEA
Damascus Gear Operation Tokyo PS VITA (USA) (NoNpDrm);https://github.com/Llop1s/FTP-PSVita-VPK-Installer/releases;https://github.com/soywiz/vitaorganizer/releases;https://github.com/LioMajor/MaiDumpToolEN/releases;https://github.com/TheOfficialFloW/NoNpDrm/releases;https://1fichier.com/?l5qpfn726x87tcf1snsr&af=62851;http://corneey.com/w4Krq9;http://corneey.com/w4Ke6m
DARIUSBURST Chronicle Saviours PS VITA VPK + Update (EUR);https://github.com/Llop1s/FTP-PSVita-VPK-Installer/releases;https://github.com/soywiz/vitaorganizer/releases;http://viid.me/qnjEd9;https://www.ign.com/games/editors-choice?genre=shooter;http://clkmein.com/q2ZBcc;http://clkmein.com/q2ZBoC;http://clkmein.com/q2ZV9e
Day D Tower Rush PS VITA (USA) (NoNpDrm);https://github.com/Llop1s/FTP-PSVita-VPK-Installer/releases;https://github.com/soywiz/vitaorganizer/releases;https://github.com/LioMajor/MaiDumpToolEN/releases;https://github.com/TheOfficialFloW/NoNpDrm/releases;https://letsupload.co/cs02/DD-TR-USA-NONPDRM-ZIPERTO.rar;https://multiup.org/en/mirror/de5187872211f5967517fdf3349a8451/DD-TR-USA-NONPDRM-ZIPERTO.rar
Day of the Tentacle Remastered PS VITA (USA) (NoNpDrm);https://github.com/Llop1s/FTP-PSVita-VPK-Installer/releases;https://github.com/soywiz/vitaorganizer/releases;https://github.com/LioMajor/MaiDumpToolEN/releases;https://github.com/TheOfficialFloW/NoNpDrm/releases;https://1fichier.com/?6mfkv37c0zjpvndqyb9q&af=62851;http://ceesty.com/w4GWAA;http://ceesty.com/w4GWPr
Dead Ahead Zombie Warfare PS VITA (USA) (NoNpDrm);https://github.com/Llop1s/FTP-PSVita-VPK-Installer/releases;https://github.com/soywiz/vitaorganizer/releases;https://github.com/LioMajor/MaiDumpToolEN/releases;https://github.com/TheOfficialFloW/NoNpDrm/releases;https://www17.zippyshare.com/v/rSxZMqXS/file.html;http://destyy.com/w4YWYK;http://destyy.com/w4YWmZ
Dead Nation PS VITA VPK (USA);https://github.com/Llop1s/FTP-PSVita-VPK-Installer/releases;https://github.com/soywiz/vitaorganizer/releases;http://viid.me/qnjEd9;http://ceesty.com/wJmRMo;http://festyy.com/qJvnVi;http://festyy.com/qJvnO4
Dead or Alive 5 Plus PS VITA VPK (USA);https://github.com/Llop1s/FTP-PSVita-VPK-Installer/releases;https://github.com/soywiz/vitaorganizer/releases;https://github.com/LioMajor/MaiDumpToolEN/releases;https://github.com/TheOfficialFloW/NoNpDrm/releases;http://gestyy.com/wBKy6w
Dead or Alive Xtreme 3 PS VITA VPK (USA);https://github.com/Llop1s/FTP-PSVita-VPK-Installer/releases;https://github.com/soywiz/vitaorganizer/releases;https://github.com/LioMajor/MaiDumpToolEN/releases;http://ceesty.com/wBZs2O
Deadman’s Cross PS VITA (USA) (NoNpDrm);https://github.com/Llop1s/FTP-PSVita-VPK-Installer/releases;https://github.com/soywiz/vitaorganizer/releases;https://github.com/LioMajor/MaiDumpToolEN/releases;https://github.com/TheOfficialFloW/NoNpDrm/releases;http://ceesty.com/w4GWV1;http://ceesty.com/w4G4Ns;https://multiup.org/en/mirror/e8a07b3e26b54ad0d491868c55980f9e/DC-USA-NONPDRM-ZIPERTO.rar
Death Mark PS VITA 3.68 (NoNpDrm) (USA);https://github.com/Llop1s/FTP-PSVita-VPK-Installer/releases;https://github.com/soywiz/vitaorganizer/releases;https://github.com/LioMajor/MaiDumpToolEN/releases;https://github.com/TheOfficialFloW/NoNpDrm/releases;https://openload.co/f/2lLX445LcxM/DM-USA-NONPDRM-ZIPERTO.rar;https://multiup.org/en/mirror/e7199feb3074beb79eb31024c46f5d0c/DM-USA-NONPDRM-ZIPERTO.rar
Deathmatch Village PS VITA (USA) (NoNpDrm);https://github.com/Llop1s/FTP-PSVita-VPK-Installer/releases;https://github.com/soywiz/vitaorganizer/releases;https://github.com/LioMajor/MaiDumpToolEN/releases;https://github.com/TheOfficialFloW/NoNpDrm/releases;http://gestyy.com/w4xITn;http://gestyy.com/w4xIQi
Deception IV: The Nightmare Princess PS VITA VPK (USA) MAI;https://github.com/Llop1s/FTP-PSVita-VPK-Installer/releases;https://github.com/soywiz/vitaorganizer/releases;http://viid.me/qnjEd9;https://www.ign.com/editors-choice/games?genre=strategy;http://destyy.com/w0fWzI;http://destyy.com/w0fWst;http://destyy.com/w0fWek
Deemo The Last Recital PS VITA VPK (USA);https://github.com/Llop1s/FTP-PSVita-VPK-Installer/releases;https://github.com/soywiz/vitaorganizer/releases;https://github.com/LioMajor/MaiDumpToolEN/releases;https://github.com/TheOfficialFloW/NoNpDrm/releases;http://festyy.com/wBHGNQ;http://festyy.com/wJkBPI;http://festyy.com/wJkBON;http://festyy.com/wJkBOo;http://festyy.com/wJkBY5
Defender’s Quest Valley of the Forgotten DX PS VITA 3.68 (NoNpDrm) (USA);https://github.com/Llop1s/FTP-PSVita-VPK-Installer/releases;https://github.com/soywiz/vitaorganizer/releases;https://github.com/LioMajor/MaiDumpToolEN/releases;https://github.com/TheOfficialFloW/NoNpDrm/releases;https://openload.co/f/1AFnMYwrEto/DQ-VOTFD-USA-NONPDRM-ZIPERTO.rar;https://multiup.org/en/mirror/dcf16522c2da7680ed0e5aea3380bd25/DQ-VOTFD-USA-NONPDRM-ZIPERTO.rar
Demon Gaze PS VITA VPK + DLC (USA);https://github.com/Llop1s/FTP-PSVita-VPK-Installer/releases;https://github.com/soywiz/vitaorganizer/releases;http://viid.me/qnjEd9;https://www.ign.com/games/editors-choice?genre=rpg;http://corneey.com/qNE3zG;http://corneey.com/qNE3ph;http://corneey.com/qNE3qE
Desire Remaster Ver PS VITA (JPN) (NoNpDrm);https://github.com/Llop1s/FTP-PSVita-VPK-Installer/releases;https://github.com/soywiz/vitaorganizer/releases;https://github.com/LioMajor/MaiDumpToolEN/releases;https://github.com/TheOfficialFloW/NoNpDrm/releases
Destiny of Spirits PS VITA (USA) (NoNpDrm);https://github.com/Llop1s/FTP-PSVita-VPK-Installer/releases;https://github.com/soywiz/vitaorganizer/releases;https://github.com/LioMajor/MaiDumpToolEN/releases;https://github.com/TheOfficialFloW/NoNpDrm/releases;https://1fichier.com/?6x90qdcjv4m2bbvw1whp;http://corneey.com/w4fO29;http://corneey.com/w4fO1U
Digimon Story Cyber Sleuth PS VITA VPK Download (USA + 1.04 update + DLC);https://github.com/Llop1s/FTP-PSVita-VPK-Installer/releases;https://github.com/soywiz/vitaorganizer/releases;http://viid.me/qnjEd9;https://www.ign.com/games/editors-choice?genre=rpg;http://ceesty.com/qKzBMt;http://ceesty.com/qKzBFE
Digimon World Next Order PS VITA VPK (ENG) (JPN);https://github.com/Llop1s/FTP-PSVita-VPK-Installer/releases;https://github.com/soywiz/vitaorganizer/releases;http://viid.me/qnjEd9;https://www.ign.com/games/editors-choice?genre=rpg;http://corneey.com/qZvw5h;http://corneey.com/qZvwNU
Dino Dini’s Kick Off Revival PS VITA (NoNpDrm) (EUR);https://github.com/Llop1s/FTP-PSVita-VPK-Installer/releases;https://github.com/soywiz/vitaorganizer/releases;https://github.com/LioMajor/MaiDumpToolEN/releases;https://github.com/TheOfficialFloW/NoNpDrm/releases;https://openload.co/f/TUeQDisvmfg/DD-KOR-EUR-NONPDRM-ZIPERTO.rar;https://multiup.org/en/mirror/192e760f422e0be7bbd805b5a1b8cecf/DD-KOR-EUR-NONPDRM-ZIPERTO.rar
Disgaea 4 A Promise Revisited Ps Vita vpk + Update 1.02 (USA);https://github.com/Llop1s/FTP-PSVita-VPK-Installer/releases;https://github.com/soywiz/vitaorganizer/releases;http://viid.me/qnjEd9;https://www.ign.com/games/editors-choice?genre=strategy;http://clkmein.com/qGUycZ;http://clkmein.com/qGUyyC
Doctor Who The Eternity Clock PS VITA VPK (USA);https://github.com/Llop1s/FTP-PSVita-VPK-Installer/releases;https://github.com/soywiz/vitaorganizer/releases;http://viid.me/qnjEd9;https://www.ign.com/games/editors-choice?genre=action;http://gestyy.com/qCBFSo;http://gestyy.com/qCBFbQ
Don’t Starve Giant Edition PS VITA VPK (USA);https://github.com/Llop1s/FTP-PSVita-VPK-Installer/releases;https://github.com/soywiz/vitaorganizer/releases;http://viid.me/qnjEd9;https://www.ign.com/games/editors-choice?genre=adventure;http://ceesty.com/qNe3ZX;http://ceesty.com/qNe3Q3
Doodle Kingdom PS VITA VPK (USA);https://github.com/Llop1s/FTP-PSVita-VPK-Installer/releases;https://github.com/soywiz/vitaorganizer/releases;https://github.com/LioMajor/MaiDumpToolEN/releases;https://www.ign.com/editors-choice/games?genre=adventure;http://gestyy.com/wt45KK;http://gestyy.com/wt45II;http://gestyy.com/wt45Q6
Dragon Ball Z Battle of Z PS VITA VPK (USA);https://github.com/Llop1s/FTP-PSVita-VPK-Installer/releases;https://github.com/soywiz/vitaorganizer/releases;https://github.com/LioMajor/MaiDumpToolEN/releases;https://github.com/TheOfficialFloW/NoNpDrm/releases;http://festyy.com/wBHGwR;http://festyy.com/wBHGrq
Dragon Fantasy The Black Tome Of Ice PS VITA VPK (USA);https://github.com/Llop1s/FTP-PSVita-VPK-Installer/releases;https://github.com/soywiz/vitaorganizer/releases;https://github.com/LioMajor/MaiDumpToolEN/releases;https://www.ign.com/editors-choice/games?genre=rpg;http://destyy.com/wrkcS9;http://destyy.com/wrkcE2;http://destyy.com/wrkcjJ;http://destyy.com/wrkcs6
Dragon Quest Builders PS VITA VPK (EUR);https://github.com/Llop1s/FTP-PSVita-VPK-Installer/releases;https://github.com/soywiz/vitaorganizer/releases;http://viid.me/qnjEd9;http://clkmein.com/qDjMBP;http://clkmein.com/qDjMiO
Dragon’s Crown PS VITA VPK + Update 1.6 (USA);https://github.com/Llop1s/FTP-PSVita-VPK-Installer/releases;https://github.com/soywiz/vitaorganizer/releases;http://viid.me/qnjEd9;https://www.ign.com/games/editors-choice?genre=action;http://destyy.com/qVV8yR;http://destyy.com/qVV73x
Draw Slasher PS VITA VPK (USA);https://github.com/Llop1s/FTP-PSVita-VPK-Installer/releases;https://github.com/soywiz/vitaorganizer/releases;http://viid.me/qnjEd9;https://www.ign.com/editors-choice/games?genre=action;http://clkmein.com/q6qmZo;http://clkmein.com/q6qmFx;http://clkmein.com/q6qmUn
Dungeon Hunter Alliance PS VITA VPK (USA);https://github.com/Llop1s/FTP-PSVita-VPK-Installer/releases;https://github.com/soywiz/vitaorganizer/releases;http://viid.me/qnjEd9;https://www.ign.com/games/editors-choice?genre=action;http://gestyy.com/qLQxmZ;http://gestyy.com/qLQxpU
Dungeon Travelers 2 The Royal Library & the Monster Seal PS VITA VPK (USA);https://github.com/Llop1s/FTP-PSVita-VPK-Installer/releases;https://github.com/soywiz/vitaorganizer/releases;http://viid.me/qnjEd9;https://www.ign.com/games/editors-choice?genre=rpg;http://clkmein.com/qM6Ida;http://clkmein.com/qM6U4r;http://clkmein.com/qM6YCI
Dynasty Warriors 8 Xtreme Legends PS VITA VPK (USA);https://github.com/Llop1s/FTP-PSVita-VPK-Installer/releases;https://github.com/soywiz/vitaorganizer/releases;https://github.com/LioMajor/MaiDumpToolEN/releases;https://github.com/TheOfficialFloW/NoNpDrm/releases;http://festyy.com/wBHGjt
Earth Defense Force 2: Invaders from Planet Space PS VITA VPK (USA);https://github.com/Llop1s/FTP-PSVita-VPK-Installer/releases;https://github.com/soywiz/vitaorganizer/releases;http://viid.me/qnjEd9;https://www.ign.com/editors-choice/games?genre=action;http://destyy.com/q43UTa;http://destyy.com/q43UvH;http://destyy.com/q43UgW
Epic Mickey 2 The Power of Two PS VITA VPK (USA);https://github.com/Llop1s/FTP-PSVita-VPK-Installer/releases;https://github.com/soywiz/vitaorganizer/releases;https://github.com/LioMajor/MaiDumpToolEN/releases;https://github.com/TheOfficialFloW/NoNpDrm/releases;http://festyy.com/wBG87J
Ethan Meteor Hunter PS VITA VPK (USA);https://github.com/Llop1s/FTP-PSVita-VPK-Installer/releases;https://github.com/soywiz/vitaorganizer/releases;http://viid.me/qnjEd9;https://www.ign.com/games/editors-choice?genre=platformer;http://corneey.com/qCizuY;http://corneey.com/qCizww
Everybody’s Golf PS VITA VPK Download (USA);https://github.com/Llop1s/FTP-PSVita-VPK-Installer/releases;https://github.com/soywiz/vitaorganizer/releases;http://viid.me/qnjEd9;https://www.ign.com/games/editors-choice?genre=sports;http://gestyy.com/q2mu4x;http://gestyy.com/q2muA7;http://gestyy.com/q2muTP
Exist Archive The Other Side of the Sky PS VITA VPK (USA);https://github.com/Llop1s/FTP-PSVita-VPK-Installer/releases;https://github.com/soywiz/vitaorganizer/releases;http://viid.me/qnjEd9;https://www.ign.com/games/editors-choice?genre=rpg;http://festyy.com/qMkDrf;http://festyy.com/qMkS4l;http://festyy.com/qMkSCt
F1 2011 PS VITA VPK (USA);https://github.com/Llop1s/FTP-PSVita-VPK-Installer/releases;https://github.com/soywiz/vitaorganizer/releases;http://viid.me/qnjEd9;https://www.ign.com/editors-choice/games?genre=racing;http://ceesty.com/q77CoK;http://ceesty.com/q77Cwi;http://ceesty.com/q77X6p
Fantasy Hero Unsigned Legacy PS VITA VPK Download (USA);https://github.com/Llop1s/FTP-PSVita-VPK-Installer/releases;https://github.com/soywiz/vitaorganizer/releases;http://viid.me/qnjEd9;https://www.ign.com/games/editors-choice?genre=action;http://festyy.com/qJvSXt;http://festyy.com/qJvSI4
Farming Simulator 16 PS VITA VPK (USA);https://github.com/Llop1s/FTP-PSVita-VPK-Installer/releases;https://github.com/soywiz/vitaorganizer/releases;http://viid.me/qnjEd9;https://www.ign.com/games/editors-choice?genre=simulation;http://clkmein.com/qV0MTD;http://clkmein.com/qV0Mk0
Farming Simulator 18 PS VITA (NoNpDRM) 3.61+ (USA);https://github.com/Llop1s/FTP-PSVita-VPK-Installer/releases;https://github.com/soywiz/vitaorganizer/releases;https://github.com/LioMajor/MaiDumpToolEN/releases;http://destyy.com/wEHExt;http://destyy.com/wEHEim;http://destyy.com/wEHWjQ
Fast Striker PS VITA 3.68 (USA) (NoNpDrm);https://github.com/Llop1s/FTP-PSVita-VPK-Installer/releases;https://github.com/soywiz/vitaorganizer/releases;https://github.com/LioMajor/MaiDumpToolEN/releases;https://github.com/TheOfficialFloW/NoNpDrm/releases;http://gestyy.com/w3wkrB;http://gestyy.com/w3wkeA;http://gestyy.com/w3wkqT
Fat Princess Piece of Cake PS VITA VPK (USA);https://github.com/Llop1s/FTP-PSVita-VPK-Installer/releases;https://github.com/soywiz/vitaorganizer/releases;http://viid.me/qnjEd9;https://www.ign.com/games/editors-choice?genre=puzzle;http://ceesty.com/q23H0N;http://ceesty.com/q23GG6;http://ceesty.com/q23GbX
Fernz Gate PS VITA 3.68 (USA) (NoNpDrm);https://github.com/Llop1s/FTP-PSVita-VPK-Installer/releases;https://github.com/soywiz/vitaorganizer/releases;https://github.com/LioMajor/MaiDumpToolEN/releases;https://github.com/TheOfficialFloW/NoNpDrm/releases;http://corneey.com/wNtotA;http://corneey.com/wNtorI;http://corneey.com/wNtowJ
Fieldrunners 2 PS VITA VPK Download (USA);https://github.com/Llop1s/FTP-PSVita-VPK-Installer/releases;https://github.com/soywiz/vitaorganizer/releases;http://viid.me/qnjEd9;https://www.ign.com/games/editors-choice?genre=strategy;http://destyy.com/qZHvQt;http://destyy.com/qZHvoy
FIFA 17 PS VITA VPK DOWNLOAD (EUR) MOD (ENG) WORKING;https://github.com/Llop1s/FTP-PSVita-VPK-Installer/releases;https://github.com/soywiz/vitaorganizer/releases;http://viid.me/qnjEd9;http://clkme.in/qYxD5K;http://clkme.in/qYxGgp
Final Horizon PS VITA (USA) (NoNpDrm);https://github.com/Llop1s/FTP-PSVita-VPK-Installer/releases;https://github.com/soywiz/vitaorganizer/releases;https://github.com/LioMajor/MaiDumpToolEN/releases;https://github.com/TheOfficialFloW/NoNpDrm/releases;http://ceesty.com/w435d5;http://ceesty.com/w435du;http://ceesty.com/w435p1
Floating Cloud God Saves the Pilgrims HD! PS VITA VPK (USA);https://github.com/Llop1s/FTP-PSVita-VPK-Installer/releases;https://github.com/soywiz/vitaorganizer/releases;https://github.com/LioMajor/MaiDumpToolEN/releases;https://www.ign.com/editors-choice/games?genre=shooter;http://destyy.com/wrkDtb;http://destyy.com/wrkD0V;http://destyy.com/wrkS6c;http://destyy.com/wrkSVz
Flower PS VITA VPK (USA);https://github.com/Llop1s/FTP-PSVita-VPK-Installer/releases;https://github.com/soywiz/vitaorganizer/releases;http://viid.me/qnjEd9;http://clkmein.com/q6qPxo;http://clkmein.com/q6qPaV
Fort Defense North Menace PS VITA VPK (USA);https://github.com/Llop1s/FTP-PSVita-VPK-Installer/releases;https://github.com/soywiz/vitaorganizer/releases;http://viid.me/qnjEd9;https://www.ign.com/editors-choice/games?genre=strategy;http://gestyy.com/q87tkM;http://gestyy.com/q87taa;http://gestyy.com/q87twl
Frozen Synapse Prime PS VITA VPK (EUR);https://github.com/Llop1s/FTP-PSVita-VPK-Installer/releases;https://github.com/soywiz/vitaorganizer/releases;https://github.com/LioMajor/MaiDumpToolEN/releases;https://www.ign.com/editors-choice/games?genre=strategy;http://corneey.com/we5mkb;http://corneey.com/we5mJl;http://corneey.com/we5moQ;http://corneey.com/we5nNY
FullBlast PS VITA 3.68 (USA) (NoNpDrm);https://github.com/Llop1s/FTP-PSVita-VPK-Installer/releases;https://github.com/soywiz/vitaorganizer/releases;https://github.com/LioMajor/MaiDumpToolEN/releases;https://github.com/TheOfficialFloW/NoNpDrm/releases;http://festyy.com/wCQiXz;http://festyy.com/wCQiZY;http://festyy.com/wCQiGA
Gal*Gun: Double Peace PS VITA VPK (USA);https://github.com/Llop1s/FTP-PSVita-VPK-Installer/releases;https://github.com/soywiz/vitaorganizer/releases;https://github.com/LioMajor/MaiDumpToolEN/releases;https://www.ign.com/editors-choice/games?genre=shooter;http://gestyy.com/w0Jg3f;http://gestyy.com/w0JgBr;http://gestyy.com/w0JgH3
Garou Mark of the wolves PS VITA (MAI) (USA);https://github.com/Llop1s/FTP-PSVita-VPK-Installer/releases;https://github.com/soywiz/vitaorganizer/releases;https://github.com/LioMajor/MaiDumpToolEN/releases;https://github.com/TheOfficialFloW/NoNpDrm/releases;http://festyy.com/wK2nzQ;http://festyy.com/wK2nlz;http://festyy.com/wK2nkT;http://festyy.com/wK2nj2;http://festyy.com/wK2nj0
Genkai Tokki Seven Pirates PS VITA VPK (JPN);https://github.com/Llop1s/FTP-PSVita-VPK-Installer/releases;https://github.com/soywiz/vitaorganizer/releases;https://github.com/LioMajor/MaiDumpToolEN/releases;http://festyy.com/qLjVGK;http://festyy.com/qLjVRy
Geometry War 3: Dimensions Evolved PS VITA VPK (USA);https://github.com/Llop1s/FTP-PSVita-VPK-Installer/releases;https://github.com/soywiz/vitaorganizer/releases;http://viid.me/qnjEd9;https://www.ign.com/editors-choice/games?genre=shooter;http://ceesty.com/q6o9PM;http://ceesty.com/q6pqao;http://ceesty.com/q6o9Eq
God Eater 2 PS Vita VPK (USA);https://github.com/Llop1s/FTP-PSVita-VPK-Installer/releases;https://github.com/soywiz/vitaorganizer/releases;https://github.com/LioMajor/MaiDumpToolEN/releases;https://github.com/TheOfficialFloW/NoNpDrm/releases;http://festyy.com/wBGdTu;http://festyy.com/wBGdYn
God Eater Resurrection PS VITA VPK (USA);https://github.com/Llop1s/FTP-PSVita-VPK-Installer/releases;https://github.com/soywiz/vitaorganizer/releases;https://github.com/LioMajor/MaiDumpToolEN/releases;https://github.com/TheOfficialFloW/NoNpDrm/releases;http://gestyy.com/wBKyIt
Gravity Rush PS VITA PS VITA (USA) (NoNpDrm);https://github.com/Llop1s/FTP-PSVita-VPK-Installer/releases;https://github.com/soywiz/vitaorganizer/releases;https://github.com/LioMajor/MaiDumpToolEN/releases;https://github.com/TheOfficialFloW/NoNpDrm/releases;https://1fichier.com/?0bxpsqdupovaknsvjw94&af=62851;http://gestyy.com/w4DcQj;http://gestyy.com/w4DccQ
Guacamelee! PS VITA Update v1.04 +2 DLC (USA) (NoNpDrm);https://github.com/Llop1s/FTP-PSVita-VPK-Installer/releases;https://github.com/soywiz/vitaorganizer/releases;https://github.com/LioMajor/MaiDumpToolEN/releases;https://github.com/TheOfficialFloW/NoNpDrm/releases;http://corneey.com/wC5kZk;http://corneey.com/wC5kLg;http://corneey.com/wC5kHa
Guilty Gear XX Accent Core Plus R PS VITA VPK (JPN);https://github.com/Llop1s/FTP-PSVita-VPK-Installer/releases;https://github.com/soywiz/vitaorganizer/releases;http://viid.me/qnjEd9;https://www.ign.com/editors-choice/games?genre=fighting;http://destyy.com/w0yDei;http://destyy.com/w0yS4y;http://destyy.com/w0ySCQ
Hatsune Miku Project Diva F PS VITA VPK (EUR);https://github.com/Llop1s/FTP-PSVita-VPK-Installer/releases;https://github.com/soywiz/vitaorganizer/releases;https://github.com/LioMajor/MaiDumpToolEN/releases;https://github.com/TheOfficialFloW/NoNpDrm/releases;http://festyy.com/wBHFft
Heroes of Loot PS Vita VPK (USA);https://github.com/Llop1s/FTP-PSVita-VPK-Installer/releases;https://github.com/soywiz/vitaorganizer/releases;https://github.com/LioMajor/MaiDumpToolEN/releases;https://github.com/TheOfficialFloW/NoNpDrm/releases;https://1fichier.com/?3b63znhyl4it11ezkma6&af=62851;https://openload.co/f/8WF4NvFdBmM/HOL-USA-VPK-ZIPERTO.rar;https://www62.zippyshare.com/v/8ZA3ttfs/file.html;https://mega.nz/#!4ok10Yya!aUFdY2BaCaRpaJD6q5fcCIQKU-RLsptMH3xJakUr3QU;https://multiup.org/en/mirror/e56d16fd57e059e963d18ab2a31843a4/HOL-USA-VPK-ZIPERTO.rar
Hitman go definitive edition PS vita vpk (USA);https://github.com/Llop1s/FTP-PSVita-VPK-Installer/releases;https://github.com/soywiz/vitaorganizer/releases;http://viid.me/qnjEd9;http://gestyy.com/qSCEZD;http://gestyy.com/qSCEfd
Hot Shots Golf: World Invitational PS VITA VPK (USA);https://github.com/Llop1s/FTP-PSVita-VPK-Installer/releases;https://github.com/soywiz/vitaorganizer/releases;https://github.com/LioMajor/MaiDumpToolEN/releases;https://github.com/TheOfficialFloW/NoNpDrm/releases;http://gestyy.com/wBKyD8
Hotline Miami + Update PS VITA (NoNpDrm) (USA);https://github.com/Llop1s/FTP-PSVita-VPK-Installer/releases;https://github.com/soywiz/vitaorganizer/releases;https://github.com/LioMajor/MaiDumpToolEN/releases;https://github.com/TheOfficialFloW/NoNpDrm/releases;http://corneey.com/wtf5OS;http://corneey.com/wtf5Ri;http://corneey.com/wtf5kw
HTR+ Slot Car Simulation PS VITA VPK (USA);https://github.com/Llop1s/FTP-PSVita-VPK-Installer/releases;https://github.com/soywiz/vitaorganizer/releases;http://viid.me/qnjEd9;https://www.ign.com/editors-choice/games?genre=racing;http://ceesty.com/q9Gkba;http://ceesty.com/q9GkhY;http://ceesty.com/q9Gkid
I and Me PS VITA 3.69 (USA) (NoNpDrm);https://github.com/Llop1s/FTP-PSVita-VPK-Installer/releases;https://github.com/soywiz/vitaorganizer/releases;https://github.com/LioMajor/MaiDumpToolEN/releases;https://github.com/TheOfficialFloW/NoNpDrm/releases;http://gestyy.com/w2mL7r;http://gestyy.com/w2mLMS
Ice Cream Surfer PS VITA 3.68 (NoNpDrm) (EUR);https://github.com/Llop1s/FTP-PSVita-VPK-Installer/releases;https://github.com/soywiz/vitaorganizer/releases;https://github.com/LioMajor/MaiDumpToolEN/releases;https://github.com/TheOfficialFloW/NoNpDrm/releases;http://destyy.com/wCuAsI;http://destyy.com/wCuAsf;http://destyy.com/wCuAoF
Indoor Sports World PS VITA VPK (USA);https://github.com/Llop1s/FTP-PSVita-VPK-Installer/releases;https://github.com/soywiz/vitaorganizer/releases;http://viid.me/qnjEd9;https://www.ign.com/games/editors-choice?genre=sports;http://ceesty.com/qVduw1;http://ceesty.com/qVdy9D
Injustice: Gods Among Us Ultimate Edition PS VITA VPK (USA);https://github.com/Llop1s/FTP-PSVita-VPK-Installer/releases;https://github.com/soywiz/vitaorganizer/releases;https://github.com/LioMajor/MaiDumpToolEN/releases;https://github.com/TheOfficialFloW/NoNpDrm/releases;http://festyy.com/wBG8Bm
Invizimals The Resistance PS VITA VPK (USA);https://github.com/Llop1s/FTP-PSVita-VPK-Installer/releases;https://github.com/soywiz/vitaorganizer/releases;https://github.com/LioMajor/MaiDumpToolEN/releases;http://ceesty.com/wJmEAq
Itadaki Street Dragon Quest & Final Fantasy 30th Anniversary PS VITA (JPN) (NoNpDrm);https://github.com/Llop1s/FTP-PSVita-VPK-Installer/releases;https://github.com/soywiz/vitaorganizer/releases;https://github.com/LioMajor/MaiDumpToolEN/releases;https://github.com/TheOfficialFloW/NoNpDrm/releases;http://festyy.com/w5rajq;http://festyy.com/w5ragF;http://festyy.com/w5radb
Jet Set Radio PS VITA (NoNpDrm) (USA);https://github.com/Llop1s/FTP-PSVita-VPK-Installer/releases;https://github.com/soywiz/vitaorganizer/releases;https://github.com/LioMajor/MaiDumpToolEN/releases;https://github.com/TheOfficialFloW/NoNpDrm/releases;https://1fichier.com/?smgoaz6uzhnaqvdwdd4s&af=62851;https://letsupload.co/c7qp/JSRR-USA-NONPDRM-ZIPERTO.rar;https://multiup.org/en/mirror/860f47b4cd077ea56854b092081ac5cc/JSRR-USA-NONPDRM-ZIPERTO.rar
Jikkyou Powerful Pro Yakyuu: Success Special PS VITA VPK (JPN);https://github.com/Llop1s/FTP-PSVita-VPK-Installer/releases;https://github.com/soywiz/vitaorganizer/releases;https://github.com/LioMajor/MaiDumpToolEN/releases;http://corneey.com/we4RcS;http://corneey.com/we4Rd9;http://corneey.com/we4Rts
Joe Danger 2 The Movie PS VITA VPK (USA);https://github.com/Llop1s/FTP-PSVita-VPK-Installer/releases;https://github.com/soywiz/vitaorganizer/releases;http://viid.me/qnjEd9;https://www.google.com/search?sa=X&rlz=1C1CHBF_enBD727BD727&biw=1366&bih=589&q=Hello+Games&stick=H4sIAAAAAAAAAOPgE-LSz9U3yLA0r4wvVAKzU9ILUkqytFSyk630k8vS9ZPzcwtKS1KL4ssyU1Lz0xNzU60KSpNyMoszUosANIy38kAAAAA&ved=0ahUKEwjphsrUlZfVAhWDebwKHTpzC6UQmxMIpQEoATAY;https://www.google.com/search?sa=X&rlz=1C1CHBF_enBD727BD727&biw=1366&bih=589&q=Microsoft+Studios&stick=H4sIAAAAAAAAAOPgE-LSz9U3yLA0r4wvVOIEsY2SigoLtFSyk630k8vS9ZPzcwtKS1KL4ssyU1Lz0xNzU60KSpNyMoszUosAyGoBDT8AAAA&ved=0ahUKEwjphsrUlZfVAhWDebwKHTpzC6UQmxMIpgEoAjAY;https://www.google.com/search?sa=X&rlz=1C1CHBF_enBD727BD727&biw=1366&bih=589&q=Hello+Games&stick=H4sIAAAAAAAAAOPgE-LSz9U3yLA0r4wvVAKzU9ILUkqytFSyk630k8vS9ZPzcwtKS1KL4ssyU1Lz0xNzU61SUstSc_ILUosA6NKkC0AAAAA&ved=0ahUKEwjphsrUlZfVAhWDebwKHTpzC6UQmxMIngEoATAW;http://corneey.com/qVOUKb;http://corneey.com/qVOUUx
Jungle Rumble Freedom, Happiness, and Bananas PS VITA (USA) (NoNpDrm);https://github.com/Llop1s/FTP-PSVita-VPK-Installer/releases;https://github.com/soywiz/vitaorganizer/releases;https://github.com/LioMajor/MaiDumpToolEN/releases;https://github.com/TheOfficialFloW/NoNpDrm/releases
Kantai Collection (KanColle) Kai PS VITA VPK (ENG);https://github.com/Llop1s/FTP-PSVita-VPK-Installer/releases;https://github.com/soywiz/vitaorganizer/releases;http://viid.me/qnjEd9;https://en.wikipedia.org/wiki/MMO_game;http://clkmein.com/qC5O1S;http://clkmein.com/qC5OZM
Kick and Fennick PS VITA VPK (USA);https://github.com/Llop1s/FTP-PSVita-VPK-Installer/releases;https://github.com/soywiz/vitaorganizer/releases;https://github.com/LioMajor/MaiDumpToolEN/releases;http://corneey.com/wAu16c;http://corneey.com/wAu1QD;http://corneey.com/wAu1vj
Knock-knock PS VITA VPK Download (USA);https://github.com/Llop1s/FTP-PSVita-VPK-Installer/releases;https://github.com/soywiz/vitaorganizer/releases;http://viid.me/qnjEd9;https://www.ign.com/games/editors-choice?genre=adventure;http://corneey.com/qVOFdC;http://corneey.com/qVOF0o
Kung Fu Rabbit PS VITA VPK (USA) HENkaku;https://github.com/Llop1s/FTP-PSVita-VPK-Installer/releases;https://github.com/soywiz/vitaorganizer/releases;http://viid.me/qnjEd9;https://www.ign.com/games/editors-choice?genre=action;https://www.google.com/search?sa=X&rlz=1C1CHBF_enBD727BD727&biw=1366&bih=589&q=Bulkypix&stick=H4sIAAAAAAAAAOPgE-LSz9U3KDIuSjIyVOLWT9c3NDIyTcmpqtBSyU620k8uS9dPzs8tKC1JLYovy0xJzU9PzE21KihNyskszkgtAgCQ1RVAQQAAAA&ved=0ahUKEwjjod-Qms3UAhVJNI8KHQnDBR8QmxMIpwEoATAV;http://gestyy.com/qLAaPT;http://gestyy.com/qLAasV
Lara Croft GO PS VITA (NoNpDrm) (USA);https://github.com/Llop1s/FTP-PSVita-VPK-Installer/releases;https://github.com/soywiz/vitaorganizer/releases;https://github.com/LioMajor/MaiDumpToolEN/releases;https://github.com/TheOfficialFloW/NoNpDrm/releases;https://megaup.net/myY2/LC-G-USA-NONPDRM-ZIPERTO.rar;https://multiup.org/en/mirror/87305c97e8063b08d9835c5cb317f25a/LC-G-USA-NONPDRM-ZIPERTO.rar
Lego Batman 2 DC Super Heroes PS VITA (USA) (NoNpDrm);https://github.com/Llop1s/FTP-PSVita-VPK-Installer/releases;https://github.com/soywiz/vitaorganizer/releases;https://github.com/LioMajor/MaiDumpToolEN/releases;https://github.com/TheOfficialFloW/NoNpDrm/releases;http://corneey.com/w5fLWS;http://corneey.com/w5fLxQ;https://multiup.org/en/mirror/b965de815fcb284e1fc9197bbd2335de/LB2-DSH-USA-NONPDRM-ZIPERTO.rar
Lego Batman 3 Beyond Gotham PS VITA (USA) (NoNpDrm);https://github.com/Llop1s/FTP-PSVita-VPK-Installer/releases;https://github.com/soywiz/vitaorganizer/releases;https://github.com/LioMajor/MaiDumpToolEN/releases;https://github.com/TheOfficialFloW/NoNpDrm/releases;http://destyy.com/w5hA7j;http://destyy.com/w5hA6f;https://multiup.org/en/mirror/a9566632c57d5d28655cba3e6736f7ee/LB3-BG-USA-NONPDRM-ZIPERTO.rar
Lego Harry Potter Years 5–7 PS VITA VPK (USA);https://github.com/Llop1s/FTP-PSVita-VPK-Installer/releases;https://github.com/soywiz/vitaorganizer/releases;https://github.com/LioMajor/MaiDumpToolEN/releases;https://github.com/TheOfficialFloW/NoNpDrm/releases;http://festyy.com/wBG64A;http://festyy.com/wBG66d;http://corneey.com/we38sT;http://corneey.com/we38YT
Lego Jurassic World PS VITA (USA) (NoNpDrm);https://github.com/Llop1s/FTP-PSVita-VPK-Installer/releases;https://github.com/soywiz/vitaorganizer/releases;https://github.com/LioMajor/MaiDumpToolEN/releases;https://github.com/TheOfficialFloW/NoNpDrm/releases
Lego Legends of Chima Laval’s Journey PS VITA (USA) (NoNpDrm);https://github.com/Llop1s/FTP-PSVita-VPK-Installer/releases;https://github.com/soywiz/vitaorganizer/releases;https://github.com/LioMajor/MaiDumpToolEN/releases;https://github.com/TheOfficialFloW/NoNpDrm/releases;http://corneey.com/w5fZwy;http://corneey.com/w5fZeE;http://corneey.com/w5fZeE
Lego Marvel Super Heroes: Universe in Peril PS VITA (USA) (NoNpDrm);https://github.com/Llop1s/FTP-PSVita-VPK-Installer/releases;https://github.com/soywiz/vitaorganizer/releases;https://github.com/LioMajor/MaiDumpToolEN/releases;https://github.com/TheOfficialFloW/NoNpDrm/releases;http://destyy.com/w5hAcm;http://destyy.com/w5hAng;https://multiup.org/en/mirror/01d4da450a7cd5bb51b2a98d6ecd9a49/LM-SH-USA-NONPDRM-ZIPERTO.rar
Lego The Hobbit PS VITA VPK (USA);https://github.com/Llop1s/FTP-PSVita-VPK-Installer/releases;https://github.com/soywiz/vitaorganizer/releases;https://github.com/LioMajor/MaiDumpToolEN/releases;https://github.com/TheOfficialFloW/NoNpDrm/releases;http://festyy.com/wBG7tB;http://festyy.com/wBG7uN;http://corneey.com/we5Ef8;http://corneey.com/we5Ema
Limbo PS VITA VPK (USA);https://github.com/Llop1s/FTP-PSVita-VPK-Installer/releases;https://github.com/soywiz/vitaorganizer/releases;https://github.com/LioMajor/MaiDumpToolEN/releases;https://github.com/TheOfficialFloW/NoNpDrm/releases;http://destyy.com/wKV8oL;http://destyy.com/wKV8i1;http://destyy.com/wKV8qA
Little Adventure on the Prairie PS VITA (V3.67) (USA) (NoNpDrm);https://github.com/Llop1s/FTP-PSVita-VPK-Installer/releases;https://github.com/soywiz/vitaorganizer/releases;https://github.com/LioMajor/MaiDumpToolEN/releases;https://github.com/TheOfficialFloW/NoNpDrm/releases;http://corneey.com/w4KtWv;http://corneey.com/w4KtET;http://corneey.com/w4KtmM
Little Big Planet PS VITA (NoNpDrm) (USA);https://github.com/Llop1s/FTP-PSVita-VPK-Installer/releases;https://github.com/soywiz/vitaorganizer/releases;https://github.com/LioMajor/MaiDumpToolEN/releases;https://github.com/TheOfficialFloW/NoNpDrm/releases;http://festyy.com/w4ez1y;http://festyy.com/w4ezNR;http://festyy.com/w4ezVo
London Detective Mysteria PS VITA (USA) (NoNpDrm);https://github.com/Llop1s/FTP-PSVita-VPK-Installer/releases;https://github.com/soywiz/vitaorganizer/releases;https://github.com/LioMajor/MaiDumpToolEN/releases;https://github.com/TheOfficialFloW/NoNpDrm/releases;https://1fichier.com/?a0zdm5wni60858rthg8t&af=62851;http://ceesty.com/w434dT;http://ceesty.com/w434p5
Lone Survivor The Director’s Cut PS VITA (USA) (NoNpDrm);https://github.com/Llop1s/FTP-PSVita-VPK-Installer/releases;https://github.com/soywiz/vitaorganizer/releases;https://github.com/LioMajor/MaiDumpToolEN/releases;https://github.com/TheOfficialFloW/NoNpDrm/releases;http://festyy.com/w4MuK2;http://festyy.com/w4MuHk;http://festyy.com/w4MuD7
Looney Tunes: Galactic Sports PS VITA VPK (EUR);https://github.com/Llop1s/FTP-PSVita-VPK-Installer/releases;https://github.com/soywiz/vitaorganizer/releases;http://viid.me/qnjEd9;https://www.ign.com/editors-choice/games?genre=sports;https://1fichier.com/?1z2s27tq9s&af=62851;http://gestyy.com/q9iUPm;http://gestyy.com/q9iUQK
Lord of Apocalypse PS VITA (JPN) (NoNpDrm);https://github.com/Llop1s/FTP-PSVita-VPK-Installer/releases;https://github.com/soywiz/vitaorganizer/releases;https://github.com/LioMajor/MaiDumpToolEN/releases;https://github.com/TheOfficialFloW/NoNpDrm/releases;http://gestyy.com/w5WA7Z
Lost Dimension PS VITA VPK (USA);https://github.com/Llop1s/FTP-PSVita-VPK-Installer/releases;https://github.com/soywiz/vitaorganizer/releases;http://viid.me/qnjEd9;https://www.ign.com/games/editors-choice?genre=rpg;http://gestyy.com/qMW2v4;http://gestyy.com/qMW2Io;http://gestyy.com/qMW2i4
Lumines Electronic Symphony PS VITA (MAI) (USA);https://github.com/Llop1s/FTP-PSVita-VPK-Installer/releases;https://github.com/soywiz/vitaorganizer/releases;https://github.com/LioMajor/MaiDumpToolEN/releases;https://github.com/TheOfficialFloW/NoNpDrm/releases;http://festyy.com/wKdH1a;http://festyy.com/wKdHNy;http://festyy.com/wKdHNN;http://festyy.com/wKdHBa
Luminous Arc Infinity + Update PS VITA (MAI) (JPN);https://github.com/Llop1s/FTP-PSVita-VPK-Installer/releases;https://github.com/soywiz/vitaorganizer/releases;https://github.com/LioMajor/MaiDumpToolEN/releases;https://github.com/TheOfficialFloW/NoNpDrm/releases;http://gestyy.com/wKjVbP;http://gestyy.com/wKjVvK;http://gestyy.com/wKjVvf;http://gestyy.com/wKjVcd;http://gestyy.com/wKjVcZ
Lumo PS VITA VPK (EUR);https://github.com/Llop1s/FTP-PSVita-VPK-Installer/releases;https://github.com/soywiz/vitaorganizer/releases;https://github.com/LioMajor/MaiDumpToolEN/releases;https://www.ign.com/editors-choice/games?genre=adventure;http://festyy.com/wtCMKd;http://festyy.com/wtCMD1;http://festyy.com/wtCMg9
Machinarium PS VITA VPK (USA);https://github.com/Llop1s/FTP-PSVita-VPK-Installer/releases;https://github.com/soywiz/vitaorganizer/releases;http://viid.me/qnjEd9;https://www.ign.com/editors-choice/games?genre=adventure;http://clkmein.com/q51G09;http://clkmein.com/q51F1r;http://clkmein.com/q51FG6
Mahouka Koukou No Rettousei Out of Order PS VITA VPK (JPN);https://github.com/Llop1s/FTP-PSVita-VPK-Installer/releases;https://github.com/soywiz/vitaorganizer/releases;http://viid.me/qnjEd9;http://clkmein.com/qVy1VG;http://clkmein.com/qVy1Dy
Malicious Rebirth PS VITA VPK (USA);https://github.com/Llop1s/FTP-PSVita-VPK-Installer/releases;https://github.com/soywiz/vitaorganizer/releases;https://github.com/LioMajor/MaiDumpToolEN/releases;http://festyy.com/wgtS7V;http://festyy.com/wgtS3Q;http://festyy.com/wgtSXW
Mecho Tales PS VITA 3.65 (USA) (NoNpDrm);https://github.com/Llop1s/FTP-PSVita-VPK-Installer/releases;https://github.com/soywiz/vitaorganizer/releases;https://github.com/LioMajor/MaiDumpToolEN/releases;https://github.com/TheOfficialFloW/NoNpDrm/releases;http://destyy.com/wN6OyY;http://destyy.com/wN6Ot7;http://destyy.com/wN6Oq5
Meikyuu Cross Blood Infinity Ultimate PS VITA VPK (JPN);https://github.com/Llop1s/FTP-PSVita-VPK-Installer/releases;https://github.com/soywiz/vitaorganizer/releases;http://viid.me/qnjEd9;https://www.ign.com/games/editors-choice?genre=rpg;http://clkmein.com/q2IcIx;http://clkmein.com/q2IcWS;http://clkmein.com/q2IcjB
MeiQ: Labyrinth of Death PS VITA (USA);https://github.com/Llop1s/FTP-PSVita-VPK-Installer/releases;https://github.com/soywiz/vitaorganizer/releases;https://github.com/LioMajor/MaiDumpToolEN/releases;https://github.com/TheOfficialFloW/NoNpDrm/releases;http://destyy.com/wJVYN1;http://destyy.com/wJVYBq;http://destyy.com/wJVYCa;http://destyy.com/wJVYZD;http://destyy.com/wJVYLK
Men’s Room Mayhem PS Vita (USA);https://github.com/Llop1s/FTP-PSVita-VPK-Installer/releases;https://github.com/soywiz/vitaorganizer/releases;https://github.com/LioMajor/MaiDumpToolEN/releases;https://github.com/TheOfficialFloW/NoNpDrm/releases;http://corneey.com/wJQMhH;http://corneey.com/wJQMga;http://corneey.com/wJQMfd;http://corneey.com/wJQMdD
Metal Gear Solid HD Collection PS VITA (NoNpDrm) (USA);https://github.com/Llop1s/FTP-PSVita-VPK-Installer/releases;https://github.com/soywiz/vitaorganizer/releases;https://github.com/LioMajor/MaiDumpToolEN/releases;https://github.com/TheOfficialFloW/NoNpDrm/releases;http://destyy.com/w4TsKX;http://destyy.com/w4TsJ2;http://destyy.com/w4TsLL;http://destyy.com/w4TsHG;http://destyy.com/w4TsBt;http://destyy.com/w4TsZJ
Metal Max Xeno PS VITA (V3.67) (JPN) (NoNpDrm);https://github.com/Llop1s/FTP-PSVita-VPK-Installer/releases;https://github.com/soywiz/vitaorganizer/releases;https://github.com/LioMajor/MaiDumpToolEN/releases;https://github.com/TheOfficialFloW/NoNpDrm/releases;http://destyy.com/w4htRv;http://destyy.com/w4htEp;http://destyy.com/w4htQ2
Metal Slug 3 PS vita vpk (USA);https://github.com/Llop1s/FTP-PSVita-VPK-Installer/releases;https://github.com/soywiz/vitaorganizer/releases;http://viid.me/qnjEd9;http://gestyy.com/qSBXXI
Michael Jackson: The Experience Video game PS VITA VPK (USA);https://github.com/Llop1s/FTP-PSVita-VPK-Installer/releases;https://github.com/soywiz/vitaorganizer/releases;http://viid.me/qnjEd9;https://www.ign.com/editors-choice/games?genre=music;http://gestyy.com/q85pUk;http://gestyy.com/q85pcF;http://gestyy.com/q85pry
Minecraft PS VITA Edition PS VITA (USA) (NoNpDrm);https://github.com/Llop1s/FTP-PSVita-VPK-Installer/releases;https://github.com/soywiz/vitaorganizer/releases;https://github.com/LioMajor/MaiDumpToolEN/releases;https://github.com/TheOfficialFloW/NoNpDrm/releases;https://letsupload.co/gkt0/MC-USA-NONPDRM-ZIPERTO.rar;https://multiup.org/en/mirror/7bab517f0599046bd7ab275d37cc8f0a/MC-USA-NONPDRM-ZIPERTO.rar
Miracle Girls Festival PS VITA VPK (JPN);https://github.com/Llop1s/FTP-PSVita-VPK-Installer/releases;https://github.com/soywiz/vitaorganizer/releases;https://github.com/LioMajor/MaiDumpToolEN/releases;http://festyy.com/wBHgRv
ModNation Racers Road Trip PS VITA VPK (USA);https://github.com/Llop1s/FTP-PSVita-VPK-Installer/releases;https://github.com/soywiz/vitaorganizer/releases;https://github.com/LioMajor/MaiDumpToolEN/releases;http://ceesty.com/wBZd37
Monster Hunter Frontier G6 PS VITA VPK (JPN);https://github.com/Llop1s/FTP-PSVita-VPK-Installer/releases;https://github.com/soywiz/vitaorganizer/releases;https://github.com/LioMajor/MaiDumpToolEN/releases;https://github.com/TheOfficialFloW/NoNpDrm/releases;http://ceesty.com/wMu826;http://ceesty.com/wMu84o;http://ceesty.com/wMu85Y;http://corneey.com/wKxNQ1;http://festyy.com/wBHgOi
MotorStorm RC PS VITA VPK Download (USA);https://github.com/Llop1s/FTP-PSVita-VPK-Installer/releases;https://github.com/soywiz/vitaorganizer/releases;https://github.com/LioMajor/MaiDumpToolEN/releases;https://github.com/TheOfficialFloW/NoNpDrm/releases;http://clkmein.com/qJ3peo;http://clkmein.com/qJ3o3E
Mud Fim Motocross World Championship PSVITA VPK (USA);https://github.com/Llop1s/FTP-PSVita-VPK-Installer/releases;https://github.com/soywiz/vitaorganizer/releases;http://viid.me/qnjEd9;https://www.ign.com/games/editors-choice?genre=racing;http://festyy.com/qCTyAI;http://festyy.com/qCTymP
Muramasa Rebirth PS VITA (MAI) (EUR);https://github.com/Llop1s/FTP-PSVita-VPK-Installer/releases;https://github.com/soywiz/vitaorganizer/releases;https://github.com/LioMajor/MaiDumpToolEN/releases;https://github.com/TheOfficialFloW/NoNpDrm/releases;http://corneey.com/qFrMCC;http://corneey.com/qFrMeW
MXGP The Official Motocross PS VITA (USA) (NoNpDrm);https://github.com/Llop1s/FTP-PSVita-VPK-Installer/releases;https://github.com/soywiz/vitaorganizer/releases;https://github.com/LioMajor/MaiDumpToolEN/releases;https://github.com/TheOfficialFloW/NoNpDrm/releases;http://festyy.com/w4eW46;http://festyy.com/w4eW4W;http://festyy.com/w4eWMx
Ninja Gaiden Sigma 2 Plus PS VITA VPK (USA);https://github.com/Llop1s/FTP-PSVita-VPK-Installer/releases;https://github.com/soywiz/vitaorganizer/releases;https://github.com/LioMajor/MaiDumpToolEN/releases;http://festyy.com/wBHhBl;http://festyy.com/wBHhM0
Ninja Gaiden Sigma Plus PS VITA VPK (USA);https://github.com/Llop1s/FTP-PSVita-VPK-Installer/releases;https://github.com/soywiz/vitaorganizer/releases;https://github.com/LioMajor/MaiDumpToolEN/releases;http://festyy.com/wBHjxU
Ninja Senki DX PS VITA VPK (USA);https://github.com/Llop1s/FTP-PSVita-VPK-Installer/releases;https://github.com/soywiz/vitaorganizer/releases;https://github.com/LioMajor/MaiDumpToolEN/releases;https://www.ign.com/editors-choice/games?genre=platformer;http://destyy.com/wrpeQd;http://destyy.com/wrpePg;http://destyy.com/wrpeck;http://destyy.com/wrpegs
Norn9 Var Commons PS VITA VPK (USA);https://github.com/Llop1s/FTP-PSVita-VPK-Installer/releases;https://github.com/soywiz/vitaorganizer/releases;http://viid.me/qnjEd9;https://www.ign.com/games/editors-choice?genre=adventure;http://ceesty.com/qX3btp;http://ceesty.com/qX3bQZ;http://ceesty.com/qX3v7x;http://ceesty.com/qX3blw
Nova-111 PS VITA VPK Download (USA);https://github.com/Llop1s/FTP-PSVita-VPK-Installer/releases;https://github.com/soywiz/vitaorganizer/releases;http://viid.me/qnjEd9;https://www.ign.com/games/editors-choice?genre=adventure;http://ceesty.com/qVz0WC;http://ceesty.com/qVz0bx
Nuclear Throne PS VITA VPK (USA);https://github.com/Llop1s/FTP-PSVita-VPK-Installer/releases;https://github.com/soywiz/vitaorganizer/releases;http://viid.me/qnjEd9;https://www.ign.com/editors-choice/games?genre=action;http://ceesty.com/q6o1jw;http://ceesty.com/q6o79z;http://ceesty.com/q6o1dz
Oceanhorn Monster of Uncharted Seas PS VITA (NoNpDRM) (USA);https://github.com/Llop1s/FTP-PSVita-VPK-Installer/releases;https://github.com/soywiz/vitaorganizer/releases;https://github.com/LioMajor/MaiDumpToolEN/releases;http://ceesty.com/wGdmC6;http://ceesty.com/wGdmKa;http://ceesty.com/wGdmGj;http://ceesty.com/wGdmAz
Oddworld New ‘n’ Tasty! PS VITA VPK (USA);https://github.com/Llop1s/FTP-PSVita-VPK-Installer/releases;https://github.com/soywiz/vitaorganizer/releases;http://viid.me/qnjEd9;https://www.ign.com/games/editors-choice?genre=adventure;http://clkmein.com/qBB2rF;http://clkmein.com/qBB14t
Oddworld Stranger’s Wrath HD PS VITA VPK (USA);https://github.com/Llop1s/FTP-PSVita-VPK-Installer/releases;https://github.com/soywiz/vitaorganizer/releases;http://viid.me/qnjEd9;http://destyy.com/wB1mw5
OlliOlli2 Welcome to Olliwood PS VITA VPK (USA);https://github.com/Llop1s/FTP-PSVita-VPK-Installer/releases;https://github.com/soywiz/vitaorganizer/releases;https://github.com/LioMajor/MaiDumpToolEN/releases;https://github.com/TheOfficialFloW/NoNpDrm/releases;http://festyy.com/wBG7mC
Omega Labyrinth PS VITA (NoNpDrm) (JPN);https://github.com/Llop1s/FTP-PSVita-VPK-Installer/releases;https://github.com/soywiz/vitaorganizer/releases;https://github.com/LioMajor/MaiDumpToolEN/releases;https://github.com/TheOfficialFloW/NoNpDrm/releases;http://destyy.com/w39IZG;http://destyy.com/w39ILS;http://destyy.com/w39IKn
Omega Labyrinth Z PS VITA (ASIA) (NoNpDrm);https://github.com/Llop1s/FTP-PSVita-VPK-Installer/releases;https://github.com/soywiz/vitaorganizer/releases;https://github.com/LioMajor/MaiDumpToolEN/releases;https://github.com/TheOfficialFloW/NoNpDrm/releases;http://festyy.com/w1UYM3;http://festyy.com/w1UYCi;http://festyy.com/w1UYJe
One Piece Unlimited World Red PS VITA (USA) (NoNpDrm);https://github.com/Llop1s/FTP-PSVita-VPK-Installer/releases;https://github.com/soywiz/vitaorganizer/releases;https://github.com/LioMajor/MaiDumpToolEN/releases;https://github.com/TheOfficialFloW/NoNpDrm/releases;https://1fichier.com/?ox6cvhf0h1azxdbk79q9&af=62851;http://destyy.com/w4CLEK;http://destyy.com/w4CLpM
Operation Abyss New Tokyo Legacy (EUR) PS VITA (VPK) (UNDUB);https://github.com/Llop1s/FTP-PSVita-VPK-Installer/releases;https://github.com/soywiz/vitaorganizer/releases;https://github.com/LioMajor/MaiDumpToolEN/releases;https://github.com/TheOfficialFloW/NoNpDrm/releases;http://corneey.com/wLhYka;http://corneey.com/wLhYjT;http://corneey.com/wLhYh5;http://corneey.com/wLhYhy;http://corneey.com/wLhYfV
Owari No Seraph Unmei no Hajimari PS VITA VPK (JPN);https://github.com/Llop1s/FTP-PSVita-VPK-Installer/releases;https://github.com/soywiz/vitaorganizer/releases;http://viid.me/qnjEd9;https://www.ign.com/editors-choice/games?genre=rpg;http://clkmein.com/q51Tnq;http://clkmein.com/q51Tle;http://clkmein.com/q51Tp9
Persona 4 Dancing All Night PS VITA VPK (USA);https://github.com/Llop1s/FTP-PSVita-VPK-Installer/releases;https://github.com/soywiz/vitaorganizer/releases;https://github.com/LioMajor/MaiDumpToolEN/releases;http://gestyy.com/wBKyLS
Phineas and Ferb: Day of Doofenshmirtz PS VITA VPK (USA) (MAI);https://github.com/Llop1s/FTP-PSVita-VPK-Installer/releases;https://github.com/soywiz/vitaorganizer/releases;http://viid.me/qnjEd9;https://www.ign.com/editors-choice/games?genre=platformer;http://festyy.com/q69EOI;http://festyy.com/q69En2;http://festyy.com/q69EkC
Plants vs Zombies PS VITA VPK (USA);https://github.com/Llop1s/FTP-PSVita-VPK-Installer/releases;https://github.com/soywiz/vitaorganizer/releases;http://viid.me/qnjEd9;https://www.ign.com/games/editors-choice?genre=strategy;http://destyy.com/qChli3;http://destyy.com/qChk8F
PlayStation All Stars Battle Royale PS VITA VPK (EUR);https://github.com/Llop1s/FTP-PSVita-VPK-Installer/releases;https://github.com/soywiz/vitaorganizer/releases;https://github.com/LioMajor/MaiDumpToolEN/releases;https://github.com/TheOfficialFloW/NoNpDrm/releases;http://festyy.com/wBG9rV
Project Root PS VITA VPK (USA);https://github.com/Llop1s/FTP-PSVita-VPK-Installer/releases;https://github.com/soywiz/vitaorganizer/releases;http://viid.me/qnjEd9;https://www.ign.com/editors-choice/games?genre=shooter;http://corneey.com/q4X2Ip;http://corneey.com/q4X2fg;http://corneey.com/q4X206
Psycho-Pass: Mandatory Happiness Ps Vita vpk Download (USA);https://github.com/Llop1s/FTP-PSVita-VPK-Installer/releases;https://github.com/soywiz/vitaorganizer/releases;http://viid.me/qnjEd9;https://www.ign.com/games/editors-choice?genre=adventure;http://gestyy.com/qGt2Kb;http://gestyy.com/qGt2Y6
Pure Chess PS VITA VPK (USA);https://github.com/Llop1s/FTP-PSVita-VPK-Installer/releases;https://github.com/soywiz/vitaorganizer/releases;http://viid.me/qnjEd9;https://www.ign.com/editors-choice/games?genre=board;http://destyy.com/q6Lsy6;http://destyy.com/q6La8f;http://destyy.com/q6La2m
Putty Squad PS VITA (EUR) (MAI);https://github.com/Llop1s/FTP-PSVita-VPK-Installer/releases;https://github.com/soywiz/vitaorganizer/releases;https://github.com/LioMajor/MaiDumpToolEN/releases;https://github.com/TheOfficialFloW/NoNpDrm/releases;http://festyy.com/wVwwkA;http://festyy.com/wVwwjb;http://festyy.com/wVwwhT
Puyo Puyo Tetris PS VITA VPK (JPN);https://github.com/Llop1s/FTP-PSVita-VPK-Installer/releases;https://github.com/soywiz/vitaorganizer/releases;http://viid.me/qnjEd9;https://www.ign.com/games/editors-choice?genre=puzzle;http://destyy.com/qNJyRF;http://destyy.com/qNJylQ;http://destyy.com/qNJyad
Qbert Rebooted PS VITA (MAI) (USA);https://github.com/Llop1s/FTP-PSVita-VPK-Installer/releases;https://github.com/soywiz/vitaorganizer/releases;https://github.com/LioMajor/MaiDumpToolEN/releases;https://github.com/TheOfficialFloW/NoNpDrm/releases;http://ceesty.com/wLT67i;http://ceesty.com/wLT66J;http://ceesty.com/wLT65P;http://ceesty.com/wLT65b;http://ceesty.com/wLT641
Radio Hammer Station PS VITA (V3.67) (JPN) (NoNpDrm);https://github.com/Llop1s/FTP-PSVita-VPK-Installer/releases;https://github.com/soywiz/vitaorganizer/releases;https://github.com/LioMajor/MaiDumpToolEN/releases;https://github.com/TheOfficialFloW/NoNpDrm/releases;http://corneey.com/w4KtFE;http://corneey.com/w4KtDP;http://corneey.com/w4KtP5
Ratchet and Clank 2 Going Commando Ps Vita vpk Download;https://github.com/Llop1s/FTP-PSVita-VPK-Installer/releases;https://github.com/soywiz/vitaorganizer/releases;http://viid.me/qnjEd9;http://corneey.com/qHgpI2;http://corneey.com/qHgpgA
Ratchet and Clank 3 Up Your Arsenal PS VITA VPK (USA);https://github.com/Llop1s/FTP-PSVita-VPK-Installer/releases;https://github.com/soywiz/vitaorganizer/releases;https://github.com/LioMajor/MaiDumpToolEN/releases;http://gestyy.com/wBKyqP
Ratchet and Clank Trilogy PS VITA (MAI) (EUR);https://github.com/Llop1s/FTP-PSVita-VPK-Installer/releases;https://github.com/soywiz/vitaorganizer/releases;https://github.com/LioMajor/MaiDumpToolEN/releases;https://github.com/TheOfficialFloW/NoNpDrm/releases;http://clkmein.com/qLXdng;http://clkmein.com/qLXs2x
Ray Gigant PS VITA VPK (USA);https://github.com/Llop1s/FTP-PSVita-VPK-Installer/releases;https://github.com/soywiz/vitaorganizer/releases;https://github.com/LioMajor/MaiDumpToolEN/releases;https://www.ign.com/editors-choice/games?genre=rpg;http://festyy.com/wtOAH9;http://festyy.com/wtOAOR;http://festyy.com/wtOARt
Rayman Legends PS VITA (USA) (NoNpDrm);https://github.com/Llop1s/FTP-PSVita-VPK-Installer/releases;https://github.com/soywiz/vitaorganizer/releases;https://github.com/LioMajor/MaiDumpToolEN/releases;https://github.com/TheOfficialFloW/NoNpDrm/releases;http://gestyy.com/w8xczY;https://uptobox.com/zi5z4xerku6w;http://gestyy.com/w8xcmL;http://gestyy.com/w8xcbE;http://gestyy.com/w8xcva
Rayman Origins PS VITA (USA) (NoNpDrm);https://github.com/Llop1s/FTP-PSVita-VPK-Installer/releases;https://github.com/soywiz/vitaorganizer/releases;https://github.com/LioMajor/MaiDumpToolEN/releases;https://github.com/TheOfficialFloW/NoNpDrm/releases;http://gestyy.com/w8xx5Y;https://clicknupload.co/bpjxsinw22j5;http://gestyy.com/w8xx55;http://gestyy.com/w8xx6L;http://gestyy.com/w8xx6R
Real Boxing PS VITA VPK Download (USA);https://github.com/Llop1s/FTP-PSVita-VPK-Installer/releases;https://github.com/soywiz/vitaorganizer/releases;http://viid.me/qnjEd9;https://www.ign.com/games/editors-choice?genre=sports;http://destyy.com/qKCSxZ;http://destyy.com/qKCSge
Reality Fighters PS VITA VPK Download (USA);https://github.com/Llop1s/FTP-PSVita-VPK-Installer/releases;https://github.com/soywiz/vitaorganizer/releases;http://viid.me/qnjEd9;https://www.ign.com/games/editors-choice?genre=fighting;http://gestyy.com/qMFXQO;http://gestyy.com/qMFXau;http://gestyy.com/qMFZ9a
Resistance Burning Skies PS VITA VPK (USA);https://github.com/Llop1s/FTP-PSVita-VPK-Installer/releases;https://github.com/soywiz/vitaorganizer/releases;https://github.com/LioMajor/MaiDumpToolEN/releases;https://github.com/TheOfficialFloW/NoNpDrm/releases;http://festyy.com/wBGf0O;http://festyy.com/wBGfeE
Resogun PS VITA VPK Download (USA);https://github.com/Llop1s/FTP-PSVita-VPK-Installer/releases;https://github.com/soywiz/vitaorganizer/releases;http://viid.me/qnjEd9;https://www.ign.com/games/editors-choice?genre=shooter;http://destyy.com/qNFW5M;http://destyy.com/qNFWZE;http://destyy.com/qNFWAj
Retro City Rampage PS VITA VPK (USA);https://github.com/Llop1s/FTP-PSVita-VPK-Installer/releases;https://github.com/soywiz/vitaorganizer/releases;http://viid.me/qnjEd9;https://www.ign.com/games/editors-choice?genre=action;http://corneey.com/q1H9Fn;http://corneey.com/q1H9EQ;http://corneey.com/q1H9kV
Revenant Saga PS VITA (V3.65) (EUR) (NoNpDrm);https://github.com/Llop1s/FTP-PSVita-VPK-Installer/releases;https://github.com/soywiz/vitaorganizer/releases;https://github.com/LioMajor/MaiDumpToolEN/releases;https://github.com/TheOfficialFloW/NoNpDrm/releases;http://destyy.com/w4q2dq;http://destyy.com/w4q2sk;http://destyy.com/w4q2pM
ReZero kara Hajimeru Isekai Seikatsu Death of Kiss PS VITA 3.61+ (NoNpDrm) (JPN);https://github.com/Llop1s/FTP-PSVita-VPK-Installer/releases;https://github.com/soywiz/vitaorganizer/releases;https://github.com/LioMajor/MaiDumpToolEN/releases;https://github.com/TheOfficialFloW/NoNpDrm/releases;http://corneey.com/wKvfad
Ridge Racer PS VITA VPK Download (USA);https://github.com/Llop1s/FTP-PSVita-VPK-Installer/releases;https://github.com/soywiz/vitaorganizer/releases;http://viid.me/qnjEd9;https://www.ign.com/games/editors-choice?genre=racing;http://corneey.com/qHQ96T;http://corneey.com/qHQ9Z0
Rocketbirds: Hardboiled Chicken PS VITA (MAI) (USA);https://github.com/Llop1s/FTP-PSVita-VPK-Installer/releases;https://github.com/soywiz/vitaorganizer/releases;https://github.com/LioMajor/MaiDumpToolEN/releases;https://github.com/TheOfficialFloW/NoNpDrm/releases;http://destyy.com/wKbTu4;http://destyy.com/wKbTuz;http://destyy.com/wKbTtP;http://destyy.com/wKbTrO;http://destyy.com/wKbTrw
Romancing SaGa 2 PS VITA (USA) (NoNpDrm);https://github.com/Llop1s/FTP-PSVita-VPK-Installer/releases;https://github.com/soywiz/vitaorganizer/releases;https://github.com/LioMajor/MaiDumpToolEN/releases;https://github.com/TheOfficialFloW/NoNpDrm/releases
Rugby World Cup 2015 PS VITA VPK (EUR);https://github.com/Llop1s/FTP-PSVita-VPK-Installer/releases;https://github.com/soywiz/vitaorganizer/releases;http://viid.me/qnjEd9;https://www.ign.com/games/editors-choice?genre=sports;http://gestyy.com/q35gS7;http://gestyy.com/q35gUf;http://gestyy.com/q35gWr
Run Like Hell! PS VITA VPK (USA);https://github.com/Llop1s/FTP-PSVita-VPK-Installer/releases;https://github.com/soywiz/vitaorganizer/releases;https://github.com/LioMajor/MaiDumpToolEN/releases;https://www.ign.com/editors-choice/games?genre=platformer;http://festyy.com/wq3kDH;http://festyy.com/wq3kUI;http://festyy.com/wq3kjT
Runner2: Future Legend of Rhythm Alien PS VITA VPK (USA);https://github.com/Llop1s/FTP-PSVita-VPK-Installer/releases;https://github.com/soywiz/vitaorganizer/releases;https://github.com/LioMajor/MaiDumpToolEN/releases;https://www.ign.com/editors-choice/games?genre=platformer;http://destyy.com/ww4E8s;http://destyy.com/ww4E2K;http://destyy.com/ww4EDD
Salt and Sanctuary PS VITA 3.63 (USA) (NoNpDrm);https://github.com/Llop1s/FTP-PSVita-VPK-Installer/releases;https://github.com/soywiz/vitaorganizer/releases;https://github.com/LioMajor/MaiDumpToolEN/releases;https://github.com/TheOfficialFloW/NoNpDrm/releases;http://destyy.com/wN6O6k;http://destyy.com/wN6O5L;http://destyy.com/wN6O1S
Samurai Shodown V Special PS VITA (USA) (NoNpDrm);https://github.com/Llop1s/FTP-PSVita-VPK-Installer/releases;https://github.com/soywiz/vitaorganizer/releases;https://github.com/LioMajor/MaiDumpToolEN/releases;https://github.com/TheOfficialFloW/NoNpDrm/releases;http://destyy.com/wNvL9c;http://destyy.com/wNvL8E;http://destyy.com/wNvL6S
Saturday Morning RPG PS VITA VPK (USA);https://github.com/Llop1s/FTP-PSVita-VPK-Installer/releases;https://github.com/soywiz/vitaorganizer/releases;http://viid.me/qnjEd9;https://www.ign.com/editors-choice/games?genre=rpg;http://corneey.com/q8fots;http://corneey.com/q8fi5s;http://corneey.com/q8fiMc
Secret of Mana PS VITA (USA) (NoNpDrm);https://github.com/Llop1s/FTP-PSVita-VPK-Installer/releases;https://github.com/soywiz/vitaorganizer/releases;https://github.com/LioMajor/MaiDumpToolEN/releases;https://github.com/TheOfficialFloW/NoNpDrm/releases
Severed PS VITA VPK (USA);https://github.com/Llop1s/FTP-PSVita-VPK-Installer/releases;https://github.com/soywiz/vitaorganizer/releases;http://viid.me/qnjEd9;https://www.ign.com/editors-choice/games?genre=rpg;http://clkmein.com/q4sPtF;http://clkmein.com/q4sO9u;http://clkmein.com/q4sOC6
Shantae: Half-Genie Hero PS VITA (NoNpDRM) 3.61+ (USA);https://github.com/Llop1s/FTP-PSVita-VPK-Installer/releases;https://github.com/soywiz/vitaorganizer/releases;https://github.com/LioMajor/MaiDumpToolEN/releases;http://destyy.com/wEHy5B;http://destyy.com/wEHyUS;http://destyy.com/wEHyRK
Shinobido 2 Revenge of Zen Ps Vita vpk Download (USA);https://github.com/Llop1s/FTP-PSVita-VPK-Installer/releases;https://github.com/soywiz/vitaorganizer/releases;http://viid.me/qnjEd9;http://festyy.com/qSzk9H;http://festyy.com/qSzkL2
Shiren the Wanderer The Tower of Fortune and the Dice of Fate PS VITA VPK (USA);https://github.com/Llop1s/FTP-PSVita-VPK-Installer/releases;https://github.com/soywiz/vitaorganizer/releases;http://viid.me/qnjEd9;https://www.ign.com/games/editors-choice?genre=rpg;http://destyy.com/qNJYe3;http://destyy.com/qNJT9e;http://destyy.com/qNJTVM
Shovel Knight PS VITA (USA) (NoNpDrm);https://github.com/Llop1s/FTP-PSVita-VPK-Installer/releases;https://github.com/soywiz/vitaorganizer/releases;https://github.com/LioMajor/MaiDumpToolEN/releases;https://github.com/TheOfficialFloW/NoNpDrm/releases;http://corneey.com/wMoa6z;http://corneey.com/wMoa3x;http://corneey.com/wMoaMM
Silent Hill Book of Memories PS VITA VPK + Update (USA);https://github.com/Llop1s/FTP-PSVita-VPK-Installer/releases;https://github.com/soywiz/vitaorganizer/releases;http://viid.me/qnjEd9;https://www.ign.com/games/editors-choice?genre=adventure;http://ceesty.com/qXJMr4;http://ceesty.com/qXJMqc
Sine Mora Ps Vita vpk Download (EUR) (HENkaku);https://github.com/Llop1s/FTP-PSVita-VPK-Installer/releases;https://github.com/soywiz/vitaorganizer/releases;http://viid.me/qnjEd9;https://www.ign.com/games/editors-choice?genre=shooter;http://ceesty.com/qG91pC;http://ceesty.com/qG9XNF
Sky Force Anniversary PS Vita vpk Download (USA);https://github.com/Llop1s/FTP-PSVita-VPK-Installer/releases;https://github.com/soywiz/vitaorganizer/releases;http://viid.me/qnjEd9;http://festyy.com/qSIzSU
Slain Back from Hell PS VITA (USA) (NoNpDrm);https://github.com/Llop1s/FTP-PSVita-VPK-Installer/releases;https://github.com/soywiz/vitaorganizer/releases;https://github.com/LioMajor/MaiDumpToolEN/releases;https://github.com/TheOfficialFloW/NoNpDrm/releases;http://destyy.com/w1CzlD;http://destyy.com/w1Czkq;http://destyy.com/w1CzoD
Sly Cooper Thieves in Time PS VITA VPK (USA);https://github.com/Llop1s/FTP-PSVita-VPK-Installer/releases;https://github.com/soywiz/vitaorganizer/releases;https://github.com/LioMajor/MaiDumpToolEN/releases;https://github.com/TheOfficialFloW/NoNpDrm/releases;http://festyy.com/wBHhsB
Soldner X 2 Final Prototype PS VITA VPK (EUR);https://github.com/Llop1s/FTP-PSVita-VPK-Installer/releases;https://github.com/soywiz/vitaorganizer/releases;http://viid.me/qnjEd9;https://www.ign.com/games/editors-choice?genre=shooter;http://corneey.com/q3k0pE;http://corneey.com/q3k0ry;http://corneey.com/q3j98i
Sonic and All Stars Racing Transformed PS VITA VPK (EUR);https://github.com/Llop1s/FTP-PSVita-VPK-Installer/releases;https://github.com/soywiz/vitaorganizer/releases;https://github.com/LioMajor/MaiDumpToolEN/releases;https://github.com/TheOfficialFloW/NoNpDrm/releases;http://festyy.com/w2cdeZ;http://festyy.com/w2cd0A
Soul Sacrifice Delta PS VITA VPK (USA);https://github.com/Llop1s/FTP-PSVita-VPK-Installer/releases;https://github.com/soywiz/vitaorganizer/releases;https://github.com/LioMajor/MaiDumpToolEN/releases;https://github.com/TheOfficialFloW/NoNpDrm/releases;http://festyy.com/wBHjUb;http://festyy.com/wBHjO0
Sound Shapes PS VITA VPK (USA);https://github.com/Llop1s/FTP-PSVita-VPK-Installer/releases;https://github.com/soywiz/vitaorganizer/releases;https://github.com/LioMajor/MaiDumpToolEN/releases;http://festyy.com/wBHh7T
Space Overlords PS VITA (NoNpDrm) (EUR);https://github.com/Llop1s/FTP-PSVita-VPK-Installer/releases;https://github.com/soywiz/vitaorganizer/releases;https://github.com/LioMajor/MaiDumpToolEN/releases;https://github.com/TheOfficialFloW/NoNpDrm/releases;http://festyy.com/wKtudc;http://festyy.com/wKtup3;http://festyy.com/wKtupn;http://festyy.com/wKtuoD;http://festyy.com/wKtui1
Spider Rite of the Shrouded Moon PS VITA (V3.61) (USA) (NoNpDrm);https://github.com/Llop1s/FTP-PSVita-VPK-Installer/releases;https://github.com/soywiz/vitaorganizer/releases;https://github.com/LioMajor/MaiDumpToolEN/releases;https://github.com/TheOfficialFloW/NoNpDrm/releases;https://1fichier.com/?2o6sj9mxic0h1tdokp3p&af=62851;http://ceesty.com/w4mAB3;http://ceesty.com/w4mACV
SpongeBob HeroPants PS VITA VPK (EUR);https://github.com/Llop1s/FTP-PSVita-VPK-Installer/releases;https://github.com/soywiz/vitaorganizer/releases;https://github.com/LioMajor/MaiDumpToolEN/releases;https://github.com/Llop1s/FTP-PSVita-VPK-Installer/releases;https://github.com/soywiz/vitaorganizer/releases;https://github.com/LioMajor/MaiDumpToolEN/releases;https://www.ign.com/editors-choice/games?genre=platformer;https://en.wikipedia.org/wiki/Behaviour_Interactive;http://festyy.com/wehsXz;http://festyy.com/wehsGA;http://festyy.com/wehsY0
Squareboy vs Bullies Arena Edition PS VITA 3.65+ (NoNpDrm) (USA);https://github.com/Llop1s/FTP-PSVita-VPK-Installer/releases;https://github.com/soywiz/vitaorganizer/releases;https://github.com/LioMajor/MaiDumpToolEN/releases;https://github.com/TheOfficialFloW/NoNpDrm/releases;http://destyy.com/wKNERH;http://destyy.com/wKNEWT
Star Ocean The Second Evolution PS VITA VPK (JPN);https://github.com/Llop1s/FTP-PSVita-VPK-Installer/releases;https://github.com/soywiz/vitaorganizer/releases;http://viid.me/qnjEd9;https://www.ign.com/games/editors-choice?genre=rpg;http://ceesty.com/qXB6fN;http://ceesty.com/qXB6TM;http://ceesty.com/qXB6i6;http://ceesty.com/qXB6WJ
Stealth Inc 2 A Game of Clones PS VITA (USA) (NoNpDrm);https://github.com/Llop1s/FTP-PSVita-VPK-Installer/releases;https://github.com/soywiz/vitaorganizer/releases;https://github.com/LioMajor/MaiDumpToolEN/releases;https://github.com/TheOfficialFloW/NoNpDrm/releases;http://gestyy.com/w4vPB6;https://letsupload.co/8em2/SI2-AGOC-USA-NONPDRM-ZIPERTO.rar;https://multiup.org/en/mirror/f7d6b792b779c80b7cb79bb163debca1/SI2-AGOC-USA-NONPDRM-ZIPERTO.rar
SteamWorld Dig 2 PS VITA (USA) (NoNpDrm);https://github.com/Llop1s/FTP-PSVita-VPK-Installer/releases;https://github.com/soywiz/vitaorganizer/releases;https://github.com/LioMajor/MaiDumpToolEN/releases;https://github.com/TheOfficialFloW/NoNpDrm/releases;http://festyy.com/wNWQFG;http://festyy.com/wNWQDJ;http://festyy.com/wNWQAQ
SteamWorld Heist PS VITA (EUR) (NoNpDrm);https://github.com/Llop1s/FTP-PSVita-VPK-Installer/releases;https://github.com/soywiz/vitaorganizer/releases;https://github.com/LioMajor/MaiDumpToolEN/releases;https://github.com/TheOfficialFloW/NoNpDrm/releases;http://ceesty.com/wNIE3n;http://ceesty.com/wNIE2Y;http://ceesty.com/wNIEVX
Stick It to The Man PS VITA VPK (USA);https://github.com/Llop1s/FTP-PSVita-VPK-Installer/releases;https://github.com/soywiz/vitaorganizer/releases;http://viid.me/qnjEd9;https://www.ign.com/games/editors-choice?genre=adventure;http://corneey.com/qNYos5;http://corneey.com/qNYi6f;http://corneey.com/qNYiZv
Stranger of Sword City PS VITA (USA) (NoNpDrm);https://github.com/Llop1s/FTP-PSVita-VPK-Installer/releases;https://github.com/soywiz/vitaorganizer/releases;https://github.com/LioMajor/MaiDumpToolEN/releases;https://github.com/TheOfficialFloW/NoNpDrm/releases;http://gestyy.com/w1Pf7r;http://gestyy.com/w1Pf2I;http://gestyy.com/w1PfN0
Street Fighter X Tekken PS VITA VPK (USA);https://github.com/Llop1s/FTP-PSVita-VPK-Installer/releases;https://github.com/soywiz/vitaorganizer/releases;https://github.com/LioMajor/MaiDumpToolEN/releases;https://github.com/TheOfficialFloW/NoNpDrm/releases;http://festyy.com/wBG9ka
Super Exploding Zoo PS VITA VPK (USA);https://github.com/Llop1s/FTP-PSVita-VPK-Installer/releases;https://github.com/soywiz/vitaorganizer/releases;http://viid.me/qnjEd9;https://www.ign.com/games/editors-choice?genre=action;http://destyy.com/qZDPGl;http://destyy.com/qZDPz9
Super Heroine Chronicle PS VITA VPK (JPN);https://github.com/Llop1s/FTP-PSVita-VPK-Installer/releases;https://github.com/soywiz/vitaorganizer/releases;https://github.com/LioMajor/MaiDumpToolEN/releases;https://github.com/TheOfficialFloW/NoNpDrm/releases;https://mega.nz/#!q6AwQCTL!5CS3JhfTi1zvQB66HSBdvmz5GNdbUQP0vsWE3E-ndSI;https://mega.nz/#!3rYEHaQL!jVVRb5WDaHLyv8fmiBgGwp7P1-vXJQSFJ_zKB-spJ6w;https://multiup.org/en/mirror/a4604bd8b3fbef18f60c092c68da36ff/SH-C-JPN-VPK-ZIPERTO.part1.rar;https://multiup.org/en/mirror/dd03e3c0a4d47c36d40b5bb9afb71c40/SH-C-JPN-VPK-ZIPERTO.part2.rar
Super Life of Pixel PS VITA (V3.69) (USA) (NoNpDrm);https://github.com/Llop1s/FTP-PSVita-VPK-Installer/releases;https://github.com/soywiz/vitaorganizer/releases;https://github.com/LioMajor/MaiDumpToolEN/releases;https://github.com/TheOfficialFloW/NoNpDrm/releases;http://destyy.com/w395Oh;http://destyy.com/w395IJ;http://destyy.com/w395YQ
Super Monkey Ball: Banana Splitz + DLC PS VITA (NoNpDrm) (USA);https://github.com/Llop1s/FTP-PSVita-VPK-Installer/releases;https://github.com/soywiz/vitaorganizer/releases;https://github.com/LioMajor/MaiDumpToolEN/releases;https://github.com/TheOfficialFloW/NoNpDrm/releases;http://festyy.com/wJMsY5;http://festyy.com/wJMsYQ;http://ceesty.com/wJ4A45;http://festyy.com/wJMsRZ;http://festyy.com/wJMsE5
Super Mutant Alien Assault PS VITA 3.68 (EUR) (NoNpDrm);https://github.com/Llop1s/FTP-PSVita-VPK-Installer/releases;https://github.com/soywiz/vitaorganizer/releases;https://github.com/LioMajor/MaiDumpToolEN/releases;https://github.com/TheOfficialFloW/NoNpDrm/releases;http://gestyy.com/wVJaHF;http://gestyy.com/wVJaGX;http://gestyy.com/wVJaSd
Switch Galaxy Ultra PS VITA VPK (USA);https://github.com/Llop1s/FTP-PSVita-VPK-Installer/releases;https://github.com/soywiz/vitaorganizer/releases;http://viid.me/qnjEd9;https://www.ign.com/games/editors-choice?genre=racing;http://corneey.com/qZYiIS;http://corneey.com/qZYih7
Sword Art Online Hollow Fragment PS VITA VPK (USA/EUR);https://github.com/Llop1s/FTP-PSVita-VPK-Installer/releases;https://github.com/soywiz/vitaorganizer/releases;http://viid.me/qnjEd9;https://www.ign.com/games/editors-choice?genre=action;http://clkmein.com/qL4m0O;http://clkmein.com/qL4mGk;http://clkmein.com/qL4nNH;http://clkmein.com/qL4mEM
Table Top Racing Ps Vita vpk Download (USA);https://github.com/Llop1s/FTP-PSVita-VPK-Installer/releases;https://github.com/soywiz/vitaorganizer/releases;http://viid.me/qnjEd9;https://www.ign.com/games/editors-choice?genre=racing;http://destyy.com/qFWoD4;http://destyy.com/qFWokk
Tachyon Project PS VITA (USA) (NoNpDrm);https://github.com/Llop1s/FTP-PSVita-VPK-Installer/releases;https://github.com/soywiz/vitaorganizer/releases;https://github.com/LioMajor/MaiDumpToolEN/releases;https://github.com/TheOfficialFloW/NoNpDrm/releases;http://gestyy.com/w3wkQV;http://gestyy.com/w3wkm4;http://gestyy.com/w3wkbL
Tadeo Jones PS VITA (EUR) (NoNpDrm);https://github.com/Llop1s/FTP-PSVita-VPK-Installer/releases;https://github.com/soywiz/vitaorganizer/releases;https://github.com/LioMajor/MaiDumpToolEN/releases;https://github.com/TheOfficialFloW/NoNpDrm/releases;http://festyy.com/w4zmJ9;http://festyy.com/w4zmJx;http://festyy.com/w4zmFs
Taiko no Tatsujin: V Version PS VITA VPK (ENG) (JPN);https://github.com/Llop1s/FTP-PSVita-VPK-Installer/releases;https://github.com/soywiz/vitaorganizer/releases;http://viid.me/qnjEd9;http://ceesty.com/q77SUG;http://ceesty.com/q77SWm;http://ceesty.com/q77Svh
Tales of Hearts R PS VITA VPK Download (USA);https://github.com/Llop1s/FTP-PSVita-VPK-Installer/releases;https://github.com/soywiz/vitaorganizer/releases;http://viid.me/qnjEd9;https://www.ign.com/games/editors-choice?genre=rpg;http://destyy.com/qH5KZv;http://destyy.com/qH5KWE
Tearaway PS VITA (USA) (NoNpDrm);https://github.com/Llop1s/FTP-PSVita-VPK-Installer/releases;https://github.com/soywiz/vitaorganizer/releases;https://github.com/LioMajor/MaiDumpToolEN/releases;https://github.com/TheOfficialFloW/NoNpDrm/releases;http://festyy.com/w4l6f7;http://festyy.com/w4l6fl;http://festyy.com/w4l6dy
TETRA’s Escape PS VITA 3.68 (USA) (NoNpDrm);https://github.com/Llop1s/FTP-PSVita-VPK-Installer/releases;https://github.com/soywiz/vitaorganizer/releases;https://github.com/LioMajor/MaiDumpToolEN/releases;https://github.com/TheOfficialFloW/NoNpDrm/releases;http://destyy.com/wVjurR;http://destyy.com/wVjuej;http://destyy.com/wVjy85
Tetris Ultimate PS VITA (NoNpDRM) (EUR);https://github.com/Llop1s/FTP-PSVita-VPK-Installer/releases;https://github.com/soywiz/vitaorganizer/releases;https://github.com/LioMajor/MaiDumpToolEN/releases;http://corneey.com/wAiuWW;http://corneey.com/wAiuox;http://corneey.com/wAiu0V
The Binding of Isaac: Rebirth PS VITA (USA) (NoNpDrm);https://github.com/Llop1s/FTP-PSVita-VPK-Installer/releases;https://github.com/soywiz/vitaorganizer/releases;https://github.com/LioMajor/MaiDumpToolEN/releases;https://github.com/TheOfficialFloW/NoNpDrm/releases;http://corneey.com/wCxGCK;http://corneey.com/wCxGX4;http://corneey.com/wCxGKQ
The Caligula Effect V1.05 (JPN) (English Patch) (MAI);https://github.com/Llop1s/FTP-PSVita-VPK-Installer/releases;https://github.com/soywiz/vitaorganizer/releases;https://github.com/LioMajor/MaiDumpToolEN/releases;https://github.com/TheOfficialFloW/NoNpDrm/releases;http://destyy.com/wLpwcV;http://destyy.com/wLpwzG
The Count Lucanor PS VITA (V3.65) (USA) (NoNpDrm);https://github.com/Llop1s/FTP-PSVita-VPK-Installer/releases;https://github.com/soywiz/vitaorganizer/releases;https://github.com/LioMajor/MaiDumpToolEN/releases;https://github.com/TheOfficialFloW/NoNpDrm/releases;http://destyy.com/w4Tsuq;http://destyy.com/w4TsuN;https://multiup.org/en/mirror/d7f1fc33c8a4bc721ec96d63614a7b46/BD-USA-CIA-RF-Ziperto.rar
The Deer God PS VITA 3.61+ (USA) (NoNpDrm);https://github.com/Llop1s/FTP-PSVita-VPK-Installer/releases;https://github.com/soywiz/vitaorganizer/releases;https://github.com/LioMajor/MaiDumpToolEN/releases;https://github.com/TheOfficialFloW/NoNpDrm/releases;http://gestyy.com/wNVPzA;http://gestyy.com/wNVPzw;http://gestyy.com/wNVPgu
The Jak and Daxter Trilogy PS VITA VPK (USA);https://github.com/Llop1s/FTP-PSVita-VPK-Installer/releases;https://github.com/soywiz/vitaorganizer/releases;https://github.com/LioMajor/MaiDumpToolEN/releases;https://github.com/TheOfficialFloW/NoNpDrm/releases;http://festyy.com/wBG9ag
The King of Fighters ’97 Global Match PS VITA 3.67 (USA) (NoNpDrm);https://github.com/Llop1s/FTP-PSVita-VPK-Installer/releases;https://github.com/soywiz/vitaorganizer/releases;https://github.com/LioMajor/MaiDumpToolEN/releases;https://github.com/TheOfficialFloW/NoNpDrm/releases;http://corneey.com/wMpJeo;http://corneey.com/wMpJqW;http://corneey.com/wMpH7h
The Last Blade 2 PS VITA VPK Download (USA);https://github.com/Llop1s/FTP-PSVita-VPK-Installer/releases;https://github.com/soywiz/vitaorganizer/releases;http://viid.me/qnjEd9;https://en.wikipedia.org/wiki/Fighting_game;http://gestyy.com/qCB49E;http://gestyy.com/qCB45s
The Legend of Dark Witch PS VITA (JPN);https://github.com/Llop1s/FTP-PSVita-VPK-Installer/releases;https://github.com/soywiz/vitaorganizer/releases;https://github.com/LioMajor/MaiDumpToolEN/releases;http://gestyy.com/wpZYdm;http://gestyy.com/wpZYex;http://gestyy.com/wpZT7e
The Legend of Heroes Ao no Kiseki Evolution PS VITA VPK (JPN);https://github.com/Llop1s/FTP-PSVita-VPK-Installer/releases;https://github.com/soywiz/vitaorganizer/releases;http://viid.me/qnjEd9;https://www.ign.com/games/editors-choice?genre=rpg;https://en.wikipedia.org/wiki/Nihon_Falcom;http://destyy.com/q20awZ;http://destyy.com/q20pNu;http://destyy.com/q20pHL
The Legend of Heroes Trails of Cold Steel II PS VITA VPK (USA);https://github.com/Llop1s/FTP-PSVita-VPK-Installer/releases;https://github.com/soywiz/vitaorganizer/releases;https://github.com/LioMajor/MaiDumpToolEN/releases;http://festyy.com/wBHjaW
The Legend of Heroes Trails of Cold Steel PS VITA (USA) (NoNpDrm);https://github.com/Llop1s/FTP-PSVita-VPK-Installer/releases;https://github.com/soywiz/vitaorganizer/releases;https://github.com/LioMajor/MaiDumpToolEN/releases;https://github.com/TheOfficialFloW/NoNpDrm/releases
The legend of Zelda Oni Link Begins PS VITA VPK Download;https://github.com/Llop1s/FTP-PSVita-VPK-Installer/releases;https://github.com/soywiz/vitaorganizer/releases;http://viid.me/qnjEd9;http://destyy.com/qHKiQb;http://destyy.com/qHKuDo
The Long Reach PS VITA 3.68 (NoNpDrm) (USA);https://github.com/Llop1s/FTP-PSVita-VPK-Installer/releases;https://github.com/soywiz/vitaorganizer/releases;https://github.com/LioMajor/MaiDumpToolEN/releases;https://github.com/TheOfficialFloW/NoNpDrm/releases;http://gestyy.com/wX8feh;http://gestyy.com/wX8fwe;http://gestyy.com/wX8d9f
The Muppets Movie Adventures PS VITA VPK (USA);https://github.com/Llop1s/FTP-PSVita-VPK-Installer/releases;https://github.com/soywiz/vitaorganizer/releases;https://github.com/LioMajor/MaiDumpToolEN/releases;https://www.ign.com/editors-choice/games?genre=platformer;http://destyy.com/wrpUuS;http://destyy.com/wrpY6F;http://destyy.com/wrpYVi
The Swapper PS VITA VPK (USA);https://github.com/Llop1s/FTP-PSVita-VPK-Installer/releases;https://github.com/soywiz/vitaorganizer/releases;http://viid.me/qnjEd9;http://festyy.com/q3VI5D;http://festyy.com/q3VIBd;http://festyy.com/q3VIKp
The Unfinished Swan PS VITA VPK (EUR);https://github.com/Llop1s/FTP-PSVita-VPK-Installer/releases;https://github.com/soywiz/vitaorganizer/releases;https://github.com/LioMajor/MaiDumpToolEN/releases;https://www.ign.com/editors-choice/games?genre=puzzle;http://festyy.com/wrUHx0;http://festyy.com/wrUHgs
The Walking Dead Season Two PS VITA VPK (USA);https://github.com/Llop1s/FTP-PSVita-VPK-Installer/releases;https://github.com/soywiz/vitaorganizer/releases;https://github.com/LioMajor/MaiDumpToolEN/releases;https://github.com/TheOfficialFloW/NoNpDrm/releases;http://festyy.com/wBHhG5
The Wolf Among Us PS VITA VPK (USA);https://github.com/Llop1s/FTP-PSVita-VPK-Installer/releases;https://github.com/soywiz/vitaorganizer/releases;https://github.com/LioMajor/MaiDumpToolEN/releases;https://github.com/TheOfficialFloW/NoNpDrm/releases;http://gestyy.com/wBKydc
Timespinner PS VITA 3.68 (USA) (NoNpDrm);https://github.com/Llop1s/FTP-PSVita-VPK-Installer/releases;https://github.com/soywiz/vitaorganizer/releases;https://github.com/LioMajor/MaiDumpToolEN/releases;https://github.com/TheOfficialFloW/NoNpDrm/releases;http://corneey.com/wVT5vR;http://corneey.com/wVT5cY;http://corneey.com/wVT5za
Titan Souls PS Vita (USA) (MAI);https://github.com/Llop1s/FTP-PSVita-VPK-Installer/releases;https://github.com/soywiz/vitaorganizer/releases;https://github.com/LioMajor/MaiDumpToolEN/releases;https://github.com/TheOfficialFloW/NoNpDrm/releases;http://gestyy.com/wHF2hk;https://letsupload.co/27y08/TS-USA-MAI-ZIPERTO.rar;http://gestyy.com/wHF2fj;http://gestyy.com/wHF2s4;http://gestyy.com/wHF2oX
Toaru Majutsu no Virtual-On PS VITA (JPN) (NoNpDrm);https://github.com/Llop1s/FTP-PSVita-VPK-Installer/releases;https://github.com/soywiz/vitaorganizer/releases;https://github.com/LioMajor/MaiDumpToolEN/releases;https://github.com/TheOfficialFloW/NoNpDrm/releases
Touch My Katamari PS VITA VPK Download (USA);https://github.com/Llop1s/FTP-PSVita-VPK-Installer/releases;https://github.com/soywiz/vitaorganizer/releases;http://viid.me/qnjEd9;https://www.ign.com/games/editors-choice?genre=action;http://festyy.com/qCQ9Aq;http://festyy.com/qCQ9WD
Toukiden 2 PS Vita vpk (ENG) Download (JPN);https://github.com/Llop1s/FTP-PSVita-VPK-Installer/releases;https://github.com/soywiz/vitaorganizer/releases;http://viid.me/qnjEd9;http://ceesty.com/qDWX7L;http://ceesty.com/qDWXDz
Toukiden Kiwami PS Vita vpk (ENG) Download (JPN);https://github.com/Llop1s/FTP-PSVita-VPK-Installer/releases;https://github.com/soywiz/vitaorganizer/releases;http://viid.me/qnjEd9;http://clkmein.com/qDtQqz
TowerFall Ascension PS VITA VPK (USA);https://github.com/Llop1s/FTP-PSVita-VPK-Installer/releases;https://github.com/soywiz/vitaorganizer/releases;http://viid.me/qnjEd9;https://www.ign.com/editors-choice/games?genre=action;http://ceesty.com/q6lQt3;http://corneey.com/q6Q8Jv;http://ceesty.com/q6lm82
Treasures of Montezuma Arena PS VITA VPK (USA);https://github.com/Llop1s/FTP-PSVita-VPK-Installer/releases;https://github.com/soywiz/vitaorganizer/releases;https://github.com/LioMajor/MaiDumpToolEN/releases;https://www.gamefaqs.com/vita/802069-treasures-of-montezuma-arena/data;http://destyy.com/ww4cqe;http://destyy.com/ww4x4Q;http://destyy.com/ww4xNX
Ultimate Marvel vs Capcom 3 PS VITA VPK (USA);https://github.com/Llop1s/FTP-PSVita-VPK-Installer/releases;https://github.com/soywiz/vitaorganizer/releases;https://github.com/LioMajor/MaiDumpToolEN/releases;https://github.com/TheOfficialFloW/NoNpDrm/releases;http://gestyy.com/wBKt6T;http://corneey.com/we4yLv
Unepic PS VITA VPK Download (EUR);https://github.com/Llop1s/FTP-PSVita-VPK-Installer/releases;https://github.com/soywiz/vitaorganizer/releases;http://viid.me/qnjEd9;https://www.ign.com/games/editors-choice?genre=platformer;https://www.google.com/search?sa=X&rlz=1C1CHBF_enBD727BD727&biw=1366&bih=589&q=EnjoyUp+Games&stick=H4sIAAAAAAAAAOPgE-LSz9U3yK7MS8qqVAKzjTKy48vNtVSyk630k8vS9ZPzcwtKS1KL4ssyU1Lz0xNzU60KSpNyMoszUosAltIGCUAAAAA&ved=0ahUKEwiK2rnjyKTVAhXBq48KHcDDADkQmxMIoQEoATAW;https://www.google.com/search?sa=X&rlz=1C1CHBF_enBD727BD727&biw=1366&bih=589&q=A+Crowd+of+Monsters&stick=H4sIAAAAAAAAAOPgE-LSz9U3yK7MS8qqVOLVT9c3NEw2zraszCrP1VLJTrbSTy5L10_Ozy0oLUktii_LTEnNT0_MTbUqKE3KySzOSC0CABBLoBRDAAAA&ved=0ahUKEwiK2rnjyKTVAhXBq48KHcDDADkQmxMIogEoAjAW;http://gestyy.com/qBv2So;http://gestyy.com/qBv2m6
Unit 13 PS VITA VPK & MAI (USA);https://github.com/Llop1s/FTP-PSVita-VPK-Installer/releases;https://github.com/soywiz/vitaorganizer/releases;https://github.com/LioMajor/MaiDumpToolEN/releases;https://github.com/TheOfficialFloW/NoNpDrm/releases;http://festyy.com/wBHgBi;http://gestyy.com/wrKQT5;http://gestyy.com/wrKQm5;http://gestyy.com/wrKQzV
Uppers PS VITA VPK Download (JPN) (ENG);https://github.com/Llop1s/FTP-PSVita-VPK-Installer/releases;https://github.com/soywiz/vitaorganizer/releases;http://viid.me/qnjEd9;https://www.ign.com/games/editors-choice?genre=action;http://ceesty.com/qNqwWZ;http://ceesty.com/qNqwjW
Urban Trial Freestyle PS VITA VPK (USA);https://github.com/Llop1s/FTP-PSVita-VPK-Installer/releases;https://github.com/soywiz/vitaorganizer/releases;http://viid.me/qnjEd9;https://www.ign.com/editors-choice/games?genre=racing;http://clkmein.com/q7Mlfq;http://clkmein.com/q7Mly5
Velocity 2X PS VITA (MAI) (EUR);https://github.com/Llop1s/FTP-PSVita-VPK-Installer/releases;https://github.com/soywiz/vitaorganizer/releases;https://github.com/LioMajor/MaiDumpToolEN/releases;https://github.com/TheOfficialFloW/NoNpDrm/releases;http://ceesty.com/q6lQmU;http://corneey.com/q6Q8bq;http://ceesty.com/q6lQk2
Velocity ultra PS VITA VPK Download (USA);https://github.com/Llop1s/FTP-PSVita-VPK-Installer/releases;https://github.com/soywiz/vitaorganizer/releases;http://viid.me/qnjEd9;https://www.ign.com/games/editors-choice?genre=shooter;http://destyy.com/qCcKl8;http://destyy.com/qCcKsV
Virtua Tennis 4 PS VITA VPK (USA);https://github.com/Llop1s/FTP-PSVita-VPK-Installer/releases;https://github.com/soywiz/vitaorganizer/releases;http://viid.me/qnjEd9;http://ceesty.com/wJmRHt
Volume PS VITA VPK (USA);https://github.com/Llop1s/FTP-PSVita-VPK-Installer/releases;https://github.com/soywiz/vitaorganizer/releases;http://viid.me/qnjEd9;https://www.ign.com/editors-choice/games?genre=action;https://1fichier.com/?jkqowxey2j&af=62851;http://ceesty.com/q8wQ0Z;http://ceesty.com/q8wm1K
Waking Violet PS VITA (USA) (NoNpDrm);https://github.com/Llop1s/FTP-PSVita-VPK-Installer/releases;https://github.com/soywiz/vitaorganizer/releases;https://github.com/LioMajor/MaiDumpToolEN/releases;https://github.com/TheOfficialFloW/NoNpDrm/releases;http://festyy.com/wMUrsC;http://festyy.com/wMUraR;http://festyy.com/wMUryn
Wipeout 2048 PS VITA (USA) (NoNpDrm);https://github.com/Llop1s/FTP-PSVita-VPK-Installer/releases;https://github.com/soywiz/vitaorganizer/releases;https://github.com/LioMajor/MaiDumpToolEN/releases;https://github.com/TheOfficialFloW/NoNpDrm/releases;http://gestyy.com/w4DcMj;http://gestyy.com/w4DcNE;http://gestyy.com/w4DcVW
World Trigger: Borderless Mission PS VITA VPK (JPN);https://github.com/Llop1s/FTP-PSVita-VPK-Installer/releases;https://github.com/soywiz/vitaorganizer/releases;http://viid.me/qnjEd9;https://www.ign.com/editors-choice/games?genre=action;http://gestyy.com/q4eZlV;http://gestyy.com/q4eZdy;http://gestyy.com/q4eZyR
Worms Revolution Extreme PS VITA VPK (USA);https://github.com/Llop1s/FTP-PSVita-VPK-Installer/releases;https://github.com/soywiz/vitaorganizer/releases;http://viid.me/qnjEd9;https://www.ign.com/editors-choice/games?genre=action;http://clkmein.com/q7MIto;http://clkmein.com/q7MLOL;http://clkmein.com/q7MU6c
WRC 4 PS VITA VPK Download (USA);https://github.com/Llop1s/FTP-PSVita-VPK-Installer/releases;https://github.com/soywiz/vitaorganizer/releases;http://viid.me/qnjEd9;https://www.ign.com/games/editors-choice?genre=racing;http://destyy.com/qHIigW;http://destyy.com/qHIu3X
WRC 5 PS VITA VPK (USA);https://github.com/Llop1s/FTP-PSVita-VPK-Installer/releases;https://github.com/soywiz/vitaorganizer/releases;https://github.com/LioMajor/MaiDumpToolEN/releases;https://github.com/TheOfficialFloW/NoNpDrm/releases;http://festyy.com/wBGfPe;http://festyy.com/wBGfAT;http://corneey.com/we4ecP;http://corneey.com/we4ePW
XCOM Enemy Unknown plus PS VITA VPK (USA);https://github.com/Llop1s/FTP-PSVita-VPK-Installer/releases;https://github.com/soywiz/vitaorganizer/releases;http://viid.me/qnjEd9;https://www.ign.com/games/editors-choice?genre=strategy;http://clkmein.com/qXDob3;http://clkmein.com/qXDoCu;http://clkmein.com/qXDooz;http://clkmein.com/qXDoOS
Ys Memories of Celceta PS VITA VPK (USA);https://github.com/Llop1s/FTP-PSVita-VPK-Installer/releases;https://github.com/soywiz/vitaorganizer/releases;http://viid.me/qnjEd9;http://corneey.com/we4ofW;http://festyy.com/wJk2nT;http://festyy.com/qCWoSo
Ys VIII Lacrimosa of Dana PS Vita Vpk Download (JPN);https://github.com/Llop1s/FTP-PSVita-VPK-Installer/releases;https://github.com/soywiz/vitaorganizer/releases;http://viid.me/qnjEd9;http://corneey.com/qAKLZd;http://corneey.com/qAKL5G
Zero Escape Virtue’s Last Reward PS VITA VPK (USA);https://github.com/Llop1s/FTP-PSVita-VPK-Installer/releases;https://github.com/soywiz/vitaorganizer/releases;https://github.com/LioMajor/MaiDumpToolEN/releases;https://github.com/TheOfficialFloW/NoNpDrm/releases;http://festyy.com/wBHjLB;http://corneey.com/we4iB3
2013 Infected Wars PS VITA VPK (USA);https://github.com/Llop1s/FTP-PSVita-VPK-Installer/releases;https://github.com/soywiz/vitaorganizer/releases;http://viid.me/qnjEd9;https://www.ign.com/editors-choice/games?genre=action;http://festyy.com/q8J42o;http://festyy.com/q8J4ZR;http://festyy.com/q8J4IK
